-- MySQL dump 10.13  Distrib 5.6.16, for debian-linux-gnu (x86_64)
--
-- Host: localhost    Database: szpython1809tpp
-- ------------------------------------------------------
-- Server version	5.6.16-1~exp1

/*!40101 SET @OLD_CHARACTER_SET_CLIENT=@@CHARACTER_SET_CLIENT */;
/*!40101 SET @OLD_CHARACTER_SET_RESULTS=@@CHARACTER_SET_RESULTS */;
/*!40101 SET @OLD_COLLATION_CONNECTION=@@COLLATION_CONNECTION */;
/*!40101 SET NAMES utf8 */;
/*!40103 SET @OLD_TIME_ZONE=@@TIME_ZONE */;
/*!40103 SET TIME_ZONE='+00:00' */;
/*!40014 SET @OLD_UNIQUE_CHECKS=@@UNIQUE_CHECKS, UNIQUE_CHECKS=0 */;
/*!40014 SET @OLD_FOREIGN_KEY_CHECKS=@@FOREIGN_KEY_CHECKS, FOREIGN_KEY_CHECKS=0 */;
/*!40101 SET @OLD_SQL_MODE=@@SQL_MODE, SQL_MODE='NO_AUTO_VALUE_ON_ZERO' */;
/*!40111 SET @OLD_SQL_NOTES=@@SQL_NOTES, SQL_NOTES=0 */;

--
-- Table structure for table `alembic_version`
--

DROP TABLE IF EXISTS `alembic_version`;
/*!40101 SET @saved_cs_client     = @@character_set_client */;
/*!40101 SET character_set_client = utf8 */;
CREATE TABLE `alembic_version` (
  `version_num` varchar(32) NOT NULL,
  PRIMARY KEY (`version_num`)
) ENGINE=InnoDB DEFAULT CHARSET=utf8;
/*!40101 SET character_set_client = @saved_cs_client */;

--
-- Dumping data for table `alembic_version`
--

LOCK TABLES `alembic_version` WRITE;
/*!40000 ALTER TABLE `alembic_version` DISABLE KEYS */;
INSERT INTO `alembic_version` VALUES ('5e3d1ed8d338');
/*!40000 ALTER TABLE `alembic_version` ENABLE KEYS */;
UNLOCK TABLES;

--
-- Table structure for table `cinemas`
--

DROP TABLE IF EXISTS `cinemas`;
/*!40101 SET @saved_cs_client     = @@character_set_client */;
/*!40101 SET character_set_client = utf8 */;
CREATE TABLE `cinemas` (
  `id` int(11) NOT NULL AUTO_INCREMENT,
  `name` varchar(256) DEFAULT NULL,
  `city` varchar(256) DEFAULT NULL,
  `district` varchar(256) DEFAULT NULL,
  `address` varchar(256) DEFAULT NULL,
  `phone` varchar(256) DEFAULT NULL,
  `score` float DEFAULT NULL,
  `hallnum` int(11) DEFAULT NULL,
  `servicecharge` float DEFAULT NULL,
  `astrict` int(11) DEFAULT NULL,
  `flag` int(11) DEFAULT NULL,
  `isdelete` tinyint(1) DEFAULT NULL,
  PRIMARY KEY (`id`)
) ENGINE=InnoDB AUTO_INCREMENT=111 DEFAULT CHARSET=utf8;
/*!40101 SET character_set_client = @saved_cs_client */;

--
-- Dumping data for table `cinemas`
--

LOCK TABLES `cinemas` WRITE;
/*!40000 ALTER TABLE `cinemas` DISABLE KEYS */;
INSERT INTO `cinemas` VALUES (1,'深圳戏院影城','深圳','罗湖','罗湖区新园路1号东门步行街西口','0755-82175808',9.7,9,1.2,20,1,0),(2,'太平洋影城（深圳京基百纳店）','深圳','南山','南山区白石路与石洲中路交汇处京基百纳广场3楼（中信红树湾旁）','400-8503366',8.9,7,1.2,5,1,0),(3,'深圳金逸国际影城中心城店','深圳','福田','福田区福华一路3号怡景中心城G层','0755-82801168',8.6,6,1,10,1,0),(4,'中影泰得影城福田口岸店（原世纪星晖影城）','深圳','福田','福田区渔农村福田口岸商业广场一楼','0755-23487886',8.5,9,1,5,1,0),(5,'中影国际影城深圳南山欢乐海岸店','深圳','南山','南山区白石路东8号欢乐海岸曲水湾2栋A区','0755-86617199',8.5,10,1.1,10,1,0),(6,'太平洋影城（深圳东海店）','深圳','福田','福田区香蜜湖红荔路8099号东海购物广场四楼','400-8503366',8.4,6,1,5,1,0),(7,'橙天嘉禾影城（深圳万象城店）','深圳','罗湖','罗湖区宝安南路1881号华润中心．万象城中座三楼','0755-82668188',8.2,9,1.1,5,1,0),(8,'中影国际影城深圳益田假日广场店','深圳','南山','南山区益田假日广场L3－8中影益田假日影城','0755-86298989',8.2,8,1,20,1,0),(9,'中影星美明星国际影城（福永康之宝店）','深圳','宝安','宝安区福永街道康之宝超级广场3楼','0755-23334766',8,7,1.1,5,1,0),(10,'中影ul城市影院万荟城店（巨幕）','深圳','宝安','宝安区西乡街道宝田一路中煕香槟山九栋商业广场4楼','0755-29882198',8,8,2,20,1,0),(11,'深圳百线影城','深圳','宝安','宝安区松岗街道东方大道36号三层百线国际影城','0755-33859688',8,9,1.2,20,1,0),(12,'深圳东影南国国际影城（唐美店）','深圳','宝安','宝安区凤塘大道523号唐美商场四楼','0755-29910200',8,8,1.2,5,1,0),(13,'CMC文创影城（金海华府荟悦城店）','深圳','宝安','宝安区新安街道新安四路与锦花路交界处金海华府荟悦城1楼','0755-23010551',8,10,1.1,20,1,0),(14,'百誉影城上域店','深圳','宝安','宝安区公明街道明主大道与兴发路交界宏发上域4楼（民联广场旁）','0755-88880033',8,7,1,10,1,0),(15,'百誉影城公明店','深圳','宝安','宝安区公明街道宝安路欧氏堡三楼（友谊书城旁）','0755-29998000',8,5,1,20,1,0),(16,'深圳星晨国际影城（永辉店）','深圳','宝安','宝安区松岗街道办红星社区永辉超市3楼','0571-33239261',8,9,1.2,20,1,0),(17,'深圳宝影影城','深圳','宝安','宝安区石岩镇应人石社区南海商业街','0755-85242221',8,5,1,5,1,0),(18,'深影华纳影城（翻身店）','深圳','宝安','宝安区新安街道49区自由路137号大楼一楼（翻身派出所旁）','0755-23066466',8,10,1.2,10,1,0),(19,'非凡数字影城','深圳','宝安','宝安区石岩街道塘头大道39号1楼（邮政银行旁）','0755-23023344',8,10,1.2,5,1,0),(20,'大地影院深圳观澜店','深圳','宝安','宝安区观澜街道社区观澜大道419号兴万达5层','0755-27987982',8,7,1.2,20,1,0),(21,'深圳中影星悦影城','深圳','宝安','宝安区石岩街道石龙社区工业一路与工业二路交汇处惠科时尚广场A栋东侧二楼','0755-85253232',8,8,1.1,5,1,0),(22,'大地影院深圳宝安宏发大世界','深圳','宝安','宝安区石岩街道宝石南路宏发购物广场二期5楼','0755-29820745',8,9,1.1,10,1,0),(23,'美视国际影城（4K 沉浸音）','深圳','宝安','宝安区西乡街道前进二路桃源居10区28栋','0755-23593537',8,10,2,5,1,0),(24,'中影ul城市影院宝安店','深圳','宝安','宝安区第五大道高发西岸花园7栋','0755-86260696',8,9,1.2,5,1,0),(25,'中影W影城（宝安店）','深圳','宝安','宝安区翠湖花园旁兴悦广场2楼中影W影城','18902772329',8,5,1,5,1,0),(26,'环球国际影城（福永店）','深圳','宝安','宝安区福永街道凤凰社区凤凰御林山景F3-03','0755-27588831',8,9,2,5,1,0),(27,'中影ul城市影院乐尚店','深圳','宝安','宝安区裕安一路与翻身路交叉口乐尚生活广场2楼','0755-86616822',8,8,2,5,1,0),(28,'凤凰国际影城西乡店','深圳','宝安','宝安区西乡街道宝安大道5010号西部硅谷（后瑞地铁站A出口）B座1楼','0755-27776066',8,7,1,20,1,0),(29,'深圳光明正佳影院','深圳','宝安','宝安区光明新区公明街道光明新区文化馆C座一层','0755-23199399',8,10,2,5,1,0),(30,'环星电影院（新安店）','深圳','宝安','宝安区新安二路70号（新安影剧院）','0755-29668666',8,8,2,5,1,0),(31,'中影金影星汇影城','深圳','宝安','宝安区石岩街道宝石东路209号星城购物中心4楼','0755-27204432',8,5,1.2,5,1,0),(32,'百盛国际影城','深圳','宝安','宝安区松岗街道溪头社区沙江路136号三楼','0755-23505833',8,9,1,20,1,0),(33,'中影国际影城深圳龙华九方店','深圳','宝安','宝安区龙华主干道人民南路与腾龙路交界处&ldquo;深圳龙华中航九方购物中心&rdquo;第2-3层','0755-89358077',8,10,1.2,10,1,0),(34,'深圳金逸国际影城嘉域店','深圳','宝安','宝安区光明新区公明街道松白路宏发嘉域花园一期商业裙楼2层','0755-21381659',8,6,2,20,1,0),(35,'德信影城深圳沙井联诚店','深圳','宝安','宝安区沙井街道上南大街联诚购物广场4楼','0755-29750812',8,5,1.1,5,1,0),(36,'中影影派影城（长圳店）','深圳','宝安','宝安区光明新区公明街道长圳路长圳商业中心商务大厦3楼','0755-27739060',8,9,2,20,1,0),(37,'星美国际影商城深圳福永店','深圳','宝安','宝安区福永大洋路178号凤凰世纪商业广场首层','0755-33230222',8,8,1.2,20,1,0),(38,'深圳CGV影城（壹方城店IMAX）','深圳','宝安','宝安区新安街道新湖路壹方城99号第四层','0755-29989896',8,5,2,5,1,0),(39,'集鸿发中影国际影城（后亭店）','深圳','宝安','宝安区沙井街道后亭大埔路慧尔乐购物中心3楼','0755-23019856',8,6,2,20,1,0),(40,'深圳东海国际影城','深圳','宝安','宝安区福永镇桥头村委永福路120号','0755-23102220',8,6,1,20,1,0),(41,'百川影城IMAX新沙天虹店','深圳','宝安','宝安区沙井街道西环路2105号新沙天虹七楼','0755-29891309',8,8,2,5,1,0),(42,'中影星趴影城（宝安万科生活广场店）','深圳','宝安','宝安区新安街道46区万科生活广场二楼10号铺','0755-29072415',8,10,1,10,1,0),(43,'大地影院深圳沙井裕客隆','深圳','宝安','宝安区沙井街道办裕客隆百货广场4楼','0755-61188675',8,6,1.2,10,1,0),(44,'米高梅巨幕影城（田寮店）','深圳','宝安','宝安区光明新区公明街道田寮社区田富路28号A栋3楼','0755-23409987',8,10,2,10,1,0),(45,'益田国际影城（福永店）','深圳','宝安','宝安区福永街道永泰西路益田假日天地二楼','0755-29925858',8,5,1.2,5,1,0),(46,'宝影国际影城（公明店）','深圳','宝安','宝安区光明新区公明街道玉律社区玉泉东路20-1号南海大厦四楼a区。','0755-27888019',8,7,1.1,10,1,0),(47,'中影大导演巨幕影城 （深圳西乡店）','深圳','宝安','宝安区西乡大道230号满京华大厦2楼','0755-27201492',8,5,1.2,5,1,0),(48,'新华银兴国际影城（深圳店）','深圳','宝安','宝安区西乡宝安大道与金海路交汇处金港华庭一栋三层','0755-29306291',8,5,1,5,1,0),(49,'传奇影城（后瑞店）','深圳','宝安','宝安区宝安区后瑞地铁站B出口100米处（壹航城购物中心T2栋2楼）','0755-23082193',8,9,2,20,1,0),(50,'深圳嘉熙业国际影城','深圳','宝安','宝安区民冶大道328号嘉熙业广场5楼','0755-23226666',8,8,1.1,10,1,0),(51,'影尊国际影城','深圳','宝安','宝安区新安街道建安一路80号香槟广场4楼东区','0755-27881099',8,8,2,10,1,0),(52,'中影星河电影城松岗店','深圳','宝安','宝安区松岗街道东方路口喜港城三楼','400-8804122',8,5,2,5,1,0),(53,'深圳嘉乐影城固戍店','深圳','宝安','宝安区西乡固戍一路置富广场一楼','0755-27316200',8,9,2,20,1,0),(54,'橙天嘉禾影城（中洲店）','深圳','宝安','宝安区创业二路89号中洲购物中心4楼','0755-23055122',8,8,1,20,1,0),(55,'中影德金影城和平店','深圳','宝安','宝安区福永镇和平村桥和路315号德金财富广场2楼','0755-29971666',8,7,1.1,5,1,0),(56,'云幕国际影院','深圳','宝安','宝安区西乡街道共乐社区共和工业路明月花都裙楼四层','0755-23309080',8,10,1.2,10,1,0),(57,'星美国际影商城深圳宏发店','深圳','宝安','宝安区宏发中心区领域商业广场三楼','0755-33590899',8,10,1.2,10,1,0),(58,'中影ul城市影院福永店','深圳','宝安','宝安区福永镇德丰路国惠康百货4楼','0755-88220303',8,6,1.1,10,1,0),(59,'华夏星光国际影城沙井店','深圳','宝安','宝安区沙井街道中心路深圳书城宝安城负一楼','0755-86617320',8,9,2,20,1,0),(60,'中影DY影城（沙井店）','深圳','宝安','宝安区沙井街道中心路34-1号形色城购物广场6楼（市民广场旁，老天虹对面）','0755-61882868',8,6,2,20,1,0),(61,'大地影院深圳宝安时代城','深圳','宝安','宝安区西乡街道宝源路时代城6楼','0755-23062257',8,7,2,10,1,0),(62,'中影ul城市影院黄田店','深圳','宝安','宝安区西乡街道长园路28号昌宏百货4楼','0755-23229588',8,9,2,10,1,0),(63,'集鸿发中影国际影城（田寮店）','深圳','宝安','宝安区公明街道田寮村炜东城百货三楼','0755-29890008',8,10,1,5,1,0),(64,'星美国际影商城深圳观澜店','深圳','宝安','宝安区观澜镇桂花社区桂花路108号首信广场5楼','0755-23040815',8,10,1,5,1,0),(65,'万厅国际影城公明店','深圳','宝安','宝安区公明街道松白路中泰大夏3楼','0755-33691959',8,8,1.1,5,1,0),(66,'深圳中影星美国际影城','深圳','宝安','宝安区西乡大道与新湖路交汇处天虹购物中心3层','0755-23314898',8,10,1.1,10,1,0),(67,'深圳幕森影城福永店','深圳','宝安','宝安区福永大道128号汇隆城五楼','0755-23721863',8,6,1,5,1,0),(68,'中影德金影城福永店','深圳','宝安','宝安区怀德南路群艺馆一楼','0755-27331138',8,9,1.2,10,1,0),(69,'大地影院深圳佐阾香颂影城','深圳','宝安','宝安区布龙路与民治大道交汇处佐阾香颂1楼','0755-85295363',8,10,1.1,20,1,0),(70,'中影100都市影城彩虹城店','深圳','宝安','宝安区前进二路93号彩虹城五楼','0755-23766399',8,9,1.2,20,1,0),(71,'中影飞尚百誉国际影城','深圳','宝安','宝安区沙井中心沙井路与创新路交汇处京基百纳广场5楼','0755-23311113,0755-23311112',8,8,1,5,1,0),(72,'万厅国际影城石岩店','深圳','宝安','宝安区石岩街道塘头大道东海百货二楼','0755-29042336',8,5,2,20,1,0),(73,'深圳万达影城海雅广场店','深圳','宝安','宝安区建安一路与新圳路交汇处的海雅广场四层第406号商铺','0755-29188886',8,6,1,10,1,0),(74,'太平洋影城（深圳同泰时代广场店）','深圳','宝安','宝安区福永街道同泰时代广场4层','400-8503366',8,10,1.2,5,1,0),(75,'中影UL城市影院宝立方店','深圳','宝安','宝安区西乡街道新安四路198号宝立方博览中心三楼','0755-86080395',8,8,2,10,1,0),(76,'时代凤凰国际影城（松岗店）','深圳','宝安','宝安区松岗街道楼岗路集信大厦裙楼三楼B区','0755-27279699',8,6,1.2,20,1,0),(77,'卡思国际影城','深圳','大鹏新','大鹏新区广东深圳市大鹏新区葵涌街道葵新北路东侧农贸综合市场2栋三楼','0755-89458802',8,6,1.2,5,1,0),(78,'保利国际影城-深圳大中华店','深圳','福田','福田区福华路北大中华国际交易广场4楼','0755-23813990',8,10,1.2,20,1,0),(79,'深圳正佳影城华强北店','深圳','福田','福田区华新地铁站D出口时尚MEGO新二街1号','0755-82765351',8,5,1.1,5,1,0),(80,'纵横国际影城（石厦店）','深圳','福田','福田区石厦北二街89号马成时代广场三楼','0755-28181068',8,9,2,5,1,0),(81,'百汇国际影城（红岭店）','深圳','福田','福田区红岭中路南国大厦星光广场3楼','0755-22205709',8,8,1,10,1,0),(82,'深圳博纳国际影城皇庭店','深圳','福田','福田区皇庭广场B1层3号(地铁会展中心C出口)','0755-23819800',8,5,1.2,20,1,0),(83,'中影ul城市影院彩田店','深圳','福田','福田区彩田路3030号彩德城3楼','0755-86180661',8,8,1.2,20,1,0),(84,'深影国际影城佐阾虹湾店','深圳','福田','福田区梅林街道北环大道6098号绿景佐阾虹湾购物中心3楼','0755-82345345',8,9,1,20,1,0),(85,'中影万国国际影城（益田村店）','深圳','福田','福田区福强路益田地铁站A出口益田大厦3楼','0755-82888268',8,8,1.1,5,1,0),(86,'深圳博纳国际影城华强店','深圳','福田','福田区华强北茂业百货九楼','0755-83019333',8,7,1,20,1,0),(87,'江湖影院（侨香店）','深圳','福田','福田区香蜜湖街道安托山七路海阔商业服务体L4-1','0755-82533875',8,9,2,5,1,0),(88,'星美国际影商城深圳福体店','深圳','福田','福田区沙头街道福强路3030号体育公园3段负一层广场星美国际影商城','0755-88394927',8,7,1,20,1,0),(89,'卢米埃深圳华强北九方IMAX影城','深圳','福田','福田区中航路1号华强北九方购物中心4-6楼','0755-23613657',8,8,1,5,1,0),(90,'深圳百老汇影城cocopark店','深圳','福田','福田区福华三路COCOPARK购物公园2楼','0755-88811333',8,8,1.2,20,1,0),(91,'深圳雅图数字影院（梅林店）','深圳','福田','福田区梅林一村9区103A（梅山街上，梅山苑对面，梅山中学附近）','0755-83533583',8,6,2,5,1,0),(92,'深圳盛唐时代国际影城（皇岗店）','深圳','福田','福田区金田路皇岗商务中心裙楼3楼','0755-86933636',8,9,1.2,5,1,0),(93,'深圳星联影城（园岭店）','深圳','福田','福田区园岭街道园岭中路园中花园裙楼万佳广场（原新一佳）二层。','0755-22306060',8,8,1.2,10,1,0),(94,'新南国影城（福田中信广场店）','深圳','福田','福田区深南中路1093号新城市广场C1区三楼','0755-25944588',8,7,1.2,10,1,0),(95,'深影国际嘉之华中心影城','深圳','福田','福田区福中一路2016号深圳音乐厅旁首层','0755-82878333',8,9,2,10,1,0),(96,'橙天嘉禾影城（卓悦汇店）','深圳','福田','福田区梅林街道中康路126号卓悦汇购物中心L4-27号','0755-83217930',8,9,1.2,5,1,0),(97,'星美国际影商城深圳京基IMAX店','深圳','福田','福田区沙头街道滨河大道京基KK ONE商场4楼星美影院','0755-88635206',8,9,1.1,10,1,0),(98,'中影国际影城深圳深国投店','深圳','福田','福田区农林路69号深国投广场3楼','0755-83699466',8,7,1.1,10,1,0),(99,'中影国际影城福田中信广场店中国巨幕厅','深圳','福田','福田区深南中路1093号新城市广场C1区4楼（深圳市委正对面）','0755-25944588',8,10,2,20,1,0),(100,'期遇&middot;UUE巨幕影城（公明店）','深圳','光明新','光明新区公明街道合水口新天地购物广场（原亿佰家）3楼','0755-27688520',8,6,1,20,1,0),(101,'北京红星太平洋电影城','北京','朝阳','朝阳区七圣中街12号院爱琴海购物中心6层','010-84240610',8.2,9,1.2,20,1,0),(102,'博纳国际影城顺义店','北京','顺义','顺义区新顺南大街18号新世界百货七层','010-60406018,800',8.2,8,1,10,1,0),(103,'嘉华国际影城姚家园路活力东方店','北京','朝阳','朝阳区姚家园路甲1号活力东方奥特莱斯购物中心四层','010-51193399',8.1,5,1,10,1,0),(104,'鲁信影城北京立水桥店','北京','朝阳','朝阳区立清路明天第一城7号院蓝黛时空汇内','010-84671861',8.1,9,1.2,20,1,0),(105,'新华国际影城大兴店','北京','大兴','大兴区黄村东大街火神庙国际商业中心E座5层','010-81297050',8.1,7,1.1,5,1,0),(106,'北京古城电影院','北京','石景山','石景山区古城南路15号','010-68874790',8.1,8,1,20,1,0),(107,'北京大地影院菓岭假日广场店','北京','昌平','昌平区昌崔路203号果岭假日广场四楼','010-50953070',8,5,1.2,10,1,0),(108,'北京万达影城天通苑龙德广场店','北京','昌平','昌平区立汤路186号龙德广场五层','010-84844742',8,9,1.2,5,1,0),(109,'北京万达影城昌平保利光魔店','北京','昌平','昌平区鼓楼南街佳莲时代广场四层','010-60700001',8,9,1.1,20,1,0),(110,'首都电影院（昌平店）','北京','昌平','昌平区南环路10号院1号路悦荟万科广场8楼','010-60749993,601',8,9,1.2,5,1,0);
/*!40000 ALTER TABLE `cinemas` ENABLE KEYS */;
UNLOCK TABLES;

--
-- Table structure for table `city`
--

DROP TABLE IF EXISTS `city`;
/*!40101 SET @saved_cs_client     = @@character_set_client */;
/*!40101 SET character_set_client = utf8 */;
CREATE TABLE `city` (
  `id` int(11) NOT NULL AUTO_INCREMENT,
  `parentId` int(11) DEFAULT NULL,
  `regionName` varchar(100) DEFAULT NULL,
  `cityCode` int(11) DEFAULT NULL,
  `pinYin` varchar(40) DEFAULT NULL,
  `c_letter` int(11) DEFAULT NULL,
  PRIMARY KEY (`id`),
  KEY `c_letter` (`c_letter`),
  CONSTRAINT `city_ibfk_1` FOREIGN KEY (`c_letter`) REFERENCES `letter` (`id`)
) ENGINE=InnoDB AUTO_INCREMENT=5789 DEFAULT CHARSET=utf8;
/*!40101 SET character_set_client = @saved_cs_client */;

--
-- Dumping data for table `city`
--

LOCK TABLES `city` WRITE;
/*!40000 ALTER TABLE `city` DISABLE KEYS */;
INSERT INTO `city` VALUES (1,0,'上海',310100,'SHANGHAI',22),(3,0,'北京',110100,'BEIJING',20),(8,0,'广州',440100,'GUANGZHOU',18),(10,0,'武汉',420100,'WUHAN',9),(16,0,'杭州',330100,'HANGZHOU',15),(18,0,'昆明',530100,'KUNMING',3),(22,0,'天津',120100,'TIANJIN',17),(28,0,'深圳',440300,'SHENZHEN',22),(40,0,'重庆',500100,'CHONGQING',21),(43,0,'郑州',410100,'ZHENGZHOU',14),(46,0,'西安',610100,'XIAN',10),(51,0,'青岛',370200,'QINGDAO',12),(59,0,'石家庄',130100,'SHIJIAZHUANG',22),(61,0,'佛山',440600,'FOSHAN',13),(63,0,'南京',320100,'NANJING',6),(66,0,'绍兴',330600,'SHAOXING',22),(68,0,'十堰',420300,'SHIYAN',22),(70,0,'成都',510100,'CHENGDU',21),(75,0,'沈阳',210100,'SHENYANG',22),(81,0,'太原',140100,'TAIYUAN',17),(83,0,'唐山',130200,'TANGSHAN',17),(89,0,'厦门',350200,'XIAMEN',10),(93,0,'周口',411600,'ZHOUKOU',14),(95,0,'徐州',320300,'XUZHOU',10),(98,0,'福州',350100,'FUZHOU',13),(102,0,'清远',441800,'QINGYUAN',12),(105,0,'烟台',370600,'YANTAI',5),(107,0,'苏州',320500,'SUZHOU',22),(109,0,'东莞',441900,'DONGGUAN',19),(132,0,'南通',320600,'NANTONG',6),(142,0,'金华',330700,'JINHUA',4),(145,0,'衢州',330800,'QUZHOU',12),(147,0,'宁波',330200,'NINGBO',6),(151,0,'无锡',320200,'WUXI',9),(156,0,'嘉兴',330400,'JIAXING',4),(163,0,'惠州',441300,'HUIZHOU',15),(170,0,'马鞍山',340500,'MAANSHAN',2),(173,0,'湖州',330500,'HUZHOU',15),(181,0,'台州',331000,'TAIZHOU',17),(188,0,'宝鸡',610300,'BAOJI',20),(191,0,'铜陵',340700,'TONGLING',17),(193,0,'宿州',341300,'SUZHOU',22),(196,0,'安庆',340800,'ANQING',11),(200,0,'蚌埠',340300,'BENGBU',20),(205,0,'池州',341700,'CHIZHOU',21),(207,0,'滁州',341100,'CHUZHOU',21),(210,0,'合肥',340100,'HEFEI',15),(215,0,'淮南',340400,'HUAINAN',15),(217,0,'黄山',341000,'HUANGSHAN',15),(219,0,'芜湖',340200,'WUHU',9),(224,0,'宣城',341800,'XUANCHENG',10),(227,0,'六安',341500,'LIUAN',7),(239,0,'三明',350400,'SANMING',22),(243,0,'漳州',350600,'ZHANGZHOU',14),(245,0,'泉州',350500,'QUANZHOU',12),(254,0,'南平',350700,'NANPING',6),(263,0,'龙岩',350800,'LONGYAN',7),(268,0,'宁德',350900,'NINGDE',6),(271,0,'莆田',350300,'PUTIAN',8),(275,0,'白银',620400,'BAIYIN',20),(277,0,'酒泉',620900,'JIUQUAN',4),(279,0,'兰州',620100,'LANZHOU',7),(284,0,'武威',620600,'WUWEI',9),(286,0,'张掖',620700,'ZHANGYE',14),(288,0,'陇南',621200,'LONGNAN',7),(290,0,'汕头',440500,'SHANTOU',22),(294,0,'汕尾',441500,'SHANWEI',22),(296,0,'韶关',440200,'SHAOGUAN',22),(317,0,'江门',440700,'JIANGMEN',4),(319,0,'河源',441600,'HEYUAN',15),(327,0,'揭阳',445200,'JIEYANG',4),(329,0,'阳江',441700,'YANGJIANG',5),(332,0,'云浮',445300,'YUNFU',5),(334,0,'湛江',440800,'ZHANJIANG',14),(337,0,'肇庆',441200,'ZHAOQING',14),(339,0,'中山',442000,'ZHONGSHAN',14),(346,0,'珠海',440400,'ZHUHAI',14),(348,0,'茂名',440900,'MAOMING',2),(350,0,'梅州',441400,'MEIZHOU',2),(356,0,'百色',451000,'BAISE',20),(358,0,'北海',450500,'BEIHAI',20),(360,0,'防城港',450600,'FANGCHENGGANG',13),(362,0,'贵港',450800,'GUIGANG',18),(364,0,'桂林',450300,'GUILIN',18),(370,0,'贺州',451100,'HEZHOU',15),(372,0,'南宁',450100,'NANNING',6),(374,0,'梧州',450400,'WUZHOU',9),(378,0,'玉林',450900,'YULIN',5),(380,0,'柳州',450200,'LIUZHOU',7),(386,0,'铜仁',522201,'TONGREN',17),(388,0,'安顺',520400,'ANSHUN',11),(390,0,'毕节',522401,'BIJIE',20),(394,0,'贵阳',520100,'GUIYANG',18),(403,0,'遵义',520300,'ZUNYI',14),(406,0,'六盘水',520200,'LIUPANSHUI',7),(410,0,'三亚',460200,'SANYA',22),(414,0,'海口',460100,'HAIKOU',15),(419,0,'廊坊',131000,'LANGFANG',7),(426,0,'保定',130600,'BAODING',20),(430,0,'沧州',130900,'CANGZHOU',21),(433,0,'承德',130800,'CHENGDE',21),(435,0,'邯郸',130400,'HANDAN',15),(441,0,'邢台',130500,'XINGTAI',10),(443,0,'张家口',130700,'ZHANGJIAKOU',14),(446,0,'秦皇岛',130300,'QINHUANGDAO',12),(449,0,'三门峡',411200,'SANMENXIA',22),(452,0,'商丘',411400,'SHANGQIU',22),(454,0,'安阳',410500,'ANYANG',11),(458,0,'濮阳',410900,'PUYANG',8),(460,0,'鹤壁',410600,'HEBI',15),(462,0,'焦作',410800,'JIAOZUO',4),(466,0,'开封',410200,'KAIFENG',3),(470,0,'信阳',411500,'XINYANG',10),(472,0,'新乡',410700,'XINXIANG',10),(477,0,'许昌',411000,'XUCHANG',10),(484,0,'驻马店',411700,'ZHUMADIAN',14),(486,0,'洛阳',410300,'LUOYANG',7),(495,0,'漯河',411100,'LUOHE',7),(499,0,'南阳',411300,'NANYANG',6),(502,0,'平顶山',410400,'PINGDINGSHAN',8),(508,0,'哈尔滨',230100,'HAERBIN',15),(511,0,'绥化',231200,'SUIHUA',22),(514,0,'大庆',230600,'DAQING',19),(521,0,'鸡西',230300,'JIXI',4),(523,0,'佳木斯',230800,'JIAMUSI',4),(528,0,'牡丹江',231000,'MUDANJIANG',2),(530,0,'齐齐哈尔',230200,'QIQIHAER',12),(534,0,'随州',421300,'SUIZHOU',22),(536,0,'荆门',420800,'JINGMEN',4),(538,0,'咸宁',421200,'XIANNING',10),(541,0,'恩施',422800,'ENSHI',1),(543,0,'鄂州',420700,'EZHOU',1),(545,0,'荆州',421000,'JINGZHOU',4),(547,0,'黄冈',421100,'HUANGGANG',15),(550,0,'黄石',420200,'HUANGSHI',15),(565,0,'宜昌',420500,'YICHANG',5),(569,0,'仙桃',429004,'XIANTAO',10),(571,0,'邵阳',430500,'SHAOYANG',22),(573,0,'常德',430700,'CHANGDE',21),(576,0,'长沙',430100,'CHANGSHA',21),(585,0,'郴州',431000,'CHENZHOU',21),(587,0,'衡阳',430400,'HENGYANG',15),(590,0,'怀化',431200,'HUAIHUA',15),(595,0,'娄底',431300,'LOUDI',7),(597,0,'株洲',430200,'ZHUZHOU',14),(599,0,'湘潭',430300,'XIANGTAN',10),(602,0,'湘西',433100,'XIANGXI',10),(605,0,'益阳',430900,'YIYANG',5),(607,0,'岳阳',430600,'YUEYANG',5),(619,0,'通化',220500,'TONGHUA',17),(621,0,'四平',220300,'SIPING',22),(623,0,'长春',220100,'CHANGCHUN',21),(628,0,'吉林',220200,'JILIN',4),(630,0,'辽源',220400,'LIAOYUAN',7),(634,0,'白山',220600,'BAISHAN',20),(640,0,'泰州',321200,'TAIZHOU',17),(642,0,'盐城',320900,'YANCHENG',5),(644,0,'宿迁',321300,'SUQIAN',22),(651,0,'常州',320400,'CHANGZHOU',21),(657,0,'镇江',321100,'ZHENJIANG',14),(660,0,'扬州',321000,'YANGZHOU',5),(666,0,'淮安',320800,'HUAIAN',15),(677,0,'连云港',320700,'LIANYUNGANG',7),(711,0,'萍乡',360300,'PINGXIANG',8),(713,0,'上饶',361100,'SHANGRAO',22),(716,0,'宜春',360900,'YICHUN',5),(718,0,'赣州',360700,'GANZHOU',18),(724,0,'景德镇',360200,'JINGDEZHEN',4),(726,0,'九江',360400,'JIUJIANG',4),(731,0,'襄阳',420600,'XIANGYANG',10),(733,0,'新余',360500,'XINYU',10),(738,0,'南昌',360100,'NANCHANG',6),(745,0,'抚州',361000,'FUZHOU',13),(747,0,'吉安',360800,'JIAN',4),(753,0,'丹东',210600,'DANDONG',19),(758,0,'鞍山',210300,'ANSHAN',11),(760,0,'本溪',210500,'BENXI',20),(763,0,'大连',210200,'DALIAN',19),(770,0,'抚顺',210400,'FUSHUN',13),(774,0,'营口',210800,'YINGKOU',5),(776,0,'葫芦岛',211400,'HULUDAO',15),(779,0,'锦州',210700,'JINZHOU',4),(784,0,'盘锦',211100,'PANJIN',8),(787,0,'通辽',150500,'TONGLIAO',17),(789,0,'巴彦淖尔',150800,'BAYANNAOER',20),(791,0,'赤峰',150400,'CHIFENG',21),(793,0,'鄂尔多斯',150600,'EERDUOSI',1),(796,0,'呼和浩特',150100,'HUHEHAOTE',15),(801,0,'呼伦贝尔',150700,'HULUNBEIER',15),(803,0,'乌海',150300,'WUHAI',9),(807,0,'石嘴山',640200,'SHIZUISHAN',22),(810,0,'银川',640100,'YINCHUAN',5),(814,0,'西宁',630100,'XINING',10),(817,0,'泰安',370900,'TAIAN',17),(821,0,'潍坊',370700,'WEIFANG',9),(824,0,'滨州',371600,'BINZHOU',20),(827,0,'德州',371400,'DEZHOU',19),(829,0,'东营',370500,'DONGYING',19),(832,0,'菏泽',371700,'HEZE',15),(837,0,'济南',370100,'JINAN',4),(842,0,'济宁',370800,'JINING',4),(847,0,'聊城',371500,'LIAOCHENG',7),(849,0,'临沂',371300,'LINYI',7),(853,0,'威海',371000,'WEIHAI',9),(857,0,'枣庄',370400,'ZAOZHUANG',14),(860,0,'淄博',370300,'ZIBO',14),(877,0,'日照',371100,'RIZHAO',16),(879,0,'莱芜',371200,'LAIWU',7),(883,0,'长治',140400,'CHANGZHI',21),(885,0,'大同',140200,'DATONG',19),(888,0,'运城',140800,'YUNCHENG',5),(890,0,'临汾',141000,'LINFEN',7),(892,0,'晋城',140500,'JINCHENG',4),(894,0,'晋中',140700,'JINZHONG',4),(897,0,'商洛',611000,'SHANGLUO',22),(899,0,'安康',610900,'ANKANG',11),(902,0,'汉中',610700,'HANZHONG',15),(905,0,'渭南',610500,'WEINAN',9),(912,0,'延安',610600,'YANAN',5),(914,0,'榆林',610800,'YULIN',5),(918,0,'咸阳',610400,'XIANYANG',10),(922,0,'遂宁',510900,'SUINING',22),(925,0,'巴中',511900,'BAZHONG',20),(935,0,'达州',511700,'DAZHOU',19),(937,0,'德阳',510600,'DEYANG',19),(940,0,'乐山',511100,'LESHAN',7),(944,0,'绵阳',510700,'MIANYANG',2),(949,0,'宜宾',511500,'YIBIN',5),(951,0,'攀枝花',510400,'PANZHIHUA',8),(955,0,'自贡',510300,'ZIGONG',14),(957,0,'资阳',512000,'ZIYANG',14),(959,0,'泸州',510500,'LUZHOU',7),(961,0,'眉山',511400,'MEISHAN',2),(968,0,'南充',511300,'NANCHONG',6),(970,0,'内江',511000,'NEIJIANG',6),(979,0,'拉萨',540100,'LASA',7),(983,0,'昌吉',652301,'CHANGJI',21),(985,0,'喀什',653101,'KASHEN',3),(987,0,'乌鲁木齐',650100,'WULUMUQI',9),(992,0,'丽江',530700,'LIJIANG',7),(994,0,'保山',530500,'BAOSHAN',20),(996,0,'楚雄',532301,'CHUXIONG',21),(998,0,'大理',532901,'DALI',19),(1002,0,'红河',532500,'HONGHE',15),(1008,0,'临沧',530900,'LINCANG',7),(1010,0,'西双版纳',532800,'XISHUANGBANNA',10),(1012,0,'玉溪',530400,'YUXI',5),(1016,0,'曲靖',530300,'QUJING',12),(1039,0,'丽水',331100,'LISHUI',7),(1047,0,'温州',330300,'WENZHOU',9),(1055,0,'舟山',330900,'ZHOUSHAN',14),(1102,0,'济源',410881,'JIYUAN',4),(1104,0,'伊犁',654000,'YILI',5),(1119,0,'天水',620500,'TIANSHUI',17),(1124,0,'琼海',469002,'QIONGHAI',12),(1125,0,'阜阳',341200,'FUYANG',13),(1126,0,'亳州',341600,'BOZHOU',20),(1127,0,'淮北',340600,'HUAIBEI',15),(1135,0,'定西',621100,'DINGXI',19),(1136,0,'嘉峪关',620200,'JIAYUGUAN',4),(1137,0,'平凉',620800,'PINGLIANG',8),(1138,0,'潮州',445100,'CHAOZHOU',21),(1144,0,'河池',451200,'HECHI',15),(1145,0,'钦州',450700,'QINZHOU',12),(1148,0,'衡水',131100,'HENGSHUI',15),(1154,0,'鹤岗',230400,'HEGANG',15),(1158,0,'潜江',429005,'QIANJIANG',12),(1159,0,'天门',429006,'TIANMEN',17),(1160,0,'孝感',420900,'XIAOGAN',10),(1164,0,'永州',431100,'YONGZHOU',5),(1170,0,'鹰潭',360600,'YINGTAN',5),(1174,0,'松原',220700,'SONGYUAN',22),(1176,0,'阜新',210900,'FUXIN',13),(1178,0,'辽阳',211000,'LIAOYANG',7),(1179,0,'铁岭',211200,'TIELING',17),(1181,0,'包头',150200,'BAOTOU',20),(1183,0,'固原',640400,'GUYUAN',18),(1184,0,'中卫',640500,'ZHONGWEI',14),(1187,0,'铜川',610200,'TONGCHUAN',17),(1194,0,'吕梁',141100,'LULIANG',7),(1195,0,'阳泉',140300,'YANGQUAN',5),(1200,0,'石河子',659001,'SHIHEZI',22),(1236,0,'张家界',430800,'ZHANGGUJIE',14),(2166,43,'巩义市',410181,'GONGYI',18),(3071,0,'儋州',469003,'DAN',19),(3090,0,'阿克苏',652901,'AKESU',11),(3198,0,'普洱',530800,'PUER',8),(3244,0,'朝阳',211300,'CHAOYANG',21),(3269,0,'文山',532621,'WENSHAN',9),(3303,0,'锡林郭勒',152500,'XILINGUOLE',10),(3318,0,'庆阳',621000,'QINGYANG',12),(3432,0,'忻州',140900,'XINZHOU',10),(3438,0,'雅安',511800,'YAAN',5),(3453,0,'广元',510800,'GUANGYUAN',18),(3463,0,'伊春',230700,'YICHUN',5),(3498,0,'临夏',622900,'LINXIA',7),(3556,0,'金昌',620300,'JINCHANG',4),(3629,0,'朔州',140600,'SHUOZHOU',22),(3630,0,'乌兰察布',150900,'WULANCHABU',9),(3631,0,'兴安盟',152200,'XINGAN',10),(3632,0,'阿拉善',152900,'ALASHAN',11),(3633,0,'白城',220800,'BAICHENG',20),(3634,0,'延边',222400,'YANBIAN',5),(3635,0,'双鸭山',230500,'SHUANGYASHAN',22),(3637,0,'黑河',231100,'HEIHE',15),(3639,0,'来宾',451300,'LAIBIN',7),(3640,0,'崇左',451400,'CHONGZUO',21),(3642,0,'广安',511600,'GUANGAN',18),(3643,0,'阿坝',513200,'ABA',11),(3644,0,'甘孜',513300,'GANZI',18),(3645,0,'凉山',513400,'LIANGSHAN',7),(3646,0,'黔西南',522300,'QIANXINAN',12),(3647,0,'黔东南',522600,'QIANDONGNAN',12),(3648,0,'黔南',522700,'QIANNAN',12),(3649,0,'昭通',530600,'ZHAOTONG',14),(3650,0,'德宏',533100,'DEHONG',19),(3651,0,'怒江',533300,'NUJIANG',6),(3658,0,'甘南',623000,'GANNAN',18),(3659,0,'海东',630200,'HAIDONG',15),(3665,0,'海西',632800,'HAIXI',15),(3666,0,'吴忠',640300,'WUZHONG',9),(3667,0,'克拉玛依',650200,'KELAMAYI',3),(3668,0,'吐鲁番',652100,'TULUFAN',17),(3669,0,'哈密',652200,'HAMI',15),(3674,0,'塔城',654200,'TACHENG',17),(4635,151,'江阴市',320281,'JIANGYIN',4),(4636,151,'宜兴',320282,'YIXINGSHI',5),(4905,0,'登封',410185,'DENGFENG',19),(5534,0,'万宁',469006,'WANNING',9),(5590,0,'临高',469024,'LINGAO',7),(5742,0,'东方',469007,'DONGFANG',19),(5747,0,'库尔勒',652801,'KUERLE',3),(5754,0,'五家渠',659004,'WUJIAQU',9),(5763,0,'新密',410183,'XINMI',10),(5773,0,'文昌',469005,'WENCHANG',9),(5781,0,'昌江',360202,'CHANGJIANG',21),(5788,0,'海南州',632500,'HAINANZHOU',15);
/*!40000 ALTER TABLE `city` ENABLE KEYS */;
UNLOCK TABLES;

--
-- Table structure for table `letter`
--

DROP TABLE IF EXISTS `letter`;
/*!40101 SET @saved_cs_client     = @@character_set_client */;
/*!40101 SET character_set_client = utf8 */;
CREATE TABLE `letter` (
  `id` int(11) NOT NULL AUTO_INCREMENT,
  `name` varchar(4) DEFAULT NULL,
  PRIMARY KEY (`id`)
) ENGINE=InnoDB AUTO_INCREMENT=23 DEFAULT CHARSET=utf8;
/*!40101 SET character_set_client = @saved_cs_client */;

--
-- Dumping data for table `letter`
--

LOCK TABLES `letter` WRITE;
/*!40000 ALTER TABLE `letter` DISABLE KEYS */;
INSERT INTO `letter` VALUES (1,'E'),(2,'M'),(3,'K'),(4,'J'),(5,'Y'),(6,'N'),(7,'L'),(8,'P'),(9,'W'),(10,'X'),(11,'A'),(12,'Q'),(13,'F'),(14,'Z'),(15,'H'),(16,'R'),(17,'T'),(18,'G'),(19,'D'),(20,'B'),(21,'C'),(22,'S');
/*!40000 ALTER TABLE `letter` ENABLE KEYS */;
UNLOCK TABLES;

--
-- Table structure for table `movies`
--

DROP TABLE IF EXISTS `movies`;
/*!40101 SET @saved_cs_client     = @@character_set_client */;
/*!40101 SET character_set_client = utf8 */;
CREATE TABLE `movies` (
  `id` int(11) NOT NULL AUTO_INCREMENT,
  `showname` varchar(256) DEFAULT NULL,
  `shownameen` varchar(256) DEFAULT NULL,
  `director` varchar(256) DEFAULT NULL,
  `leadingRole` varchar(256) DEFAULT NULL,
  `type` varchar(256) DEFAULT NULL,
  `country` varchar(256) DEFAULT NULL,
  `language` varchar(256) DEFAULT NULL,
  `duration` int(11) DEFAULT NULL,
  `screeningmodel` varchar(256) DEFAULT NULL,
  `openday` varchar(256) DEFAULT NULL,
  `backgroundpicture` varchar(256) DEFAULT NULL,
  `flag` varchar(256) DEFAULT NULL,
  `isdelete` varchar(256) DEFAULT NULL,
  PRIMARY KEY (`id`)
) ENGINE=InnoDB AUTO_INCREMENT=1272184 DEFAULT CHARSET=utf8;
/*!40101 SET character_set_client = @saved_cs_client */;

--
-- Dumping data for table `movies`
--

LOCK TABLES `movies` WRITE;
/*!40000 ALTER TABLE `movies` DISABLE KEYS */;
INSERT INTO `movies` VALUES (6922,'叫醒爱情','Wake Up Your Sleeping Love','郭在容','暂无','爱情','中国','汉语普通话',90,'4D','2020-12-31','T14zbDFjtXXXb1upjX','2','0'),(6962,'寻找罗麦','Seek McCartney','王超','韩庚,杰瑞米·埃尔卡伊姆,海伦·文森特,爱丽丝·德·朗克赛','爱情,剧情','中国,法国','汉语普通话,英语,藏语,法语',100,'2D','2018-12-31','i3/TB14dXBMXXXXXc2XpXXXXXXXXXX_.jpg','2','0'),(12124,'神剑传奇','The Legend of Excalibur','王生唯, 梅生','刘芊含,吉吉,白马','动画,动作,魔幻','中国大陆','汉语普通话',72,'3D','2018-12-31','i3/TB1mu1kd50TMKJjSZFNXXa_1FXa_.jpg','2','0'),(33647,'战神蚩尤','The Hero of Chiyou','张纪中','谭凯,秦雪,韩东,张衡平','动作,爱情,奇幻','中国大陆','汉语普通话',104,'2D','2019-12-31','i4/TB1sIUpIFXXXXauaXXXXXXXXXXX_.jpg','2','0'),(33665,'平安岛','The Peaceful Island','张允炫','黄立行,戴立忍,焦俊艳','冒险,动作','中国大陆,韩国,中国香港','汉语普通话',92,'3D','2018-12-31','i1/TB18AvFKFXXXXXIXFXXXXXXXXXX_.jpg','2','0'),(35660,'君子道：上海滩后传','The Choice: A Story of the old Shanghai','君子道若水','黎明,高圆圆,马天宇,郑柔美','剧情','中国大陆','汉语普通话',112,'3D','2018-12-31','i1/TB1ksFXKXXXXXcUXVXXXXXXXXXX_.jpg','2','0'),(95984,'玛亚历险记','Maya the Bee Movie','Alexs Stadermann','柯蒂·斯密特-麦菲,诺亚·泰勒,杰姬·韦弗,理查德·劳斯伯格','动画,喜剧,冒险,家庭','澳大利亚,德国','英语,西班牙语',86,'2D','2018-03-31','i4/TB1gJR5JpXXXXbIXpXXXXXXXXXX_.jpg','1','0'),(96316,'堕落天使','Fallen','斯科特·希克斯','艾迪生·蒂姆林,萝拉·科克,杰瑞米·艾文,哈里森·吉尔伯特森','奇幻,爱情','美国,匈牙利','英语',90,'3D','2018-05-31','i1/TB1pVIKotfJ8KJjy0FeXXXKEXXa_.jpg','1','0'),(112703,'纹身：西部纵横','Wen Shen','陆一铜','赵文卓,李岷城,桑平','剧情,动作','中国大陆','汉语普通话',0,'2D','2018-12-31','i1/TB1Cy36ilDH8KJjy1zeXXXjepXa_.jpg','2','0'),(113972,'封神三部曲之妖乱国殇','Fengshen Trilogy','乌尔善','暂无','史诗,动作,魔幻','中国大陆','汉语普通话',0,'4D','2020-12-31','i4/TB1Dpn.RpXXXXbcXFXXXXXXXXXX_.jpg','2','0'),(114015,'英格力士','English','陈冲','王志文,袁泉,霍思燕,王传君','剧情,青春','中国大陆','汉语普通话',0,'4D','2018-12-31','i1/TB1.mbBMXXXXXbqXVXXXXXXXXXX_.jpg','2','0'),(140199,'欢·爱','Pleasure. Love.','黄尧','郭晓东,余男','爱情,冒险','中国大陆','汉语普通话',101,'2D','2018-12-31','i4/TB1ydXrKXXXXXcPXpXXXXXXXXXX_.jpg','2','0'),(149819,'三体','The Three-Body Problem: I','张番番','冯绍峰,张静初,唐嫣,杜淳','剧情,科幻','中国大陆','汉语普通话',176,'3D','2018-12-31','i1/TB1UrwgLXXXXXbAXFXXXXXXXXXX_.jpg','2','0'),(151852,'西游记女儿国','The Monkey King 3','郑保瑞','郭富城,冯绍峰,赵丽颖,小沈阳','喜剧,爱情,动作,魔幻','中国大陆','汉语普通话',116,'3D','2018-02-16','i2/TB1R5xrffjM8KJjSZFNXXbQjFXa_.jpg','1','0'),(152308,'大轰炸','The Bombing','萧锋','刘烨,布鲁斯·威利斯,宋承宪,谢霆锋','剧情,动作,历史,战争','中国大陆','汉语普通话',0,'3D','2018-12-31','i3/TB1HNKSMpXXXXboXXXXXXXXXXXX_.jpg','2','0'),(154153,'我的师父姜子牙','Master Jiang and The Six Kingdoms','李炜,高薇华','暂无','动画,奇幻,冒险','中国大陆','汉语普通话',0,'3D','2018-12-31','i3/TB1EsR7X3DD8KJjy0FdXXcjvXXa_.jpg','2','0'),(154212,'超新星纪元','None','佚名','暂无','科幻','中国 美国','汉语普通话',0,'3D','2018-12-31','i4/TB1IbwjKpXXXXcVXpXXXXXXXXXX_.jpg','2','0'),(154943,'十八岁的天空','None','佚名','保剑锋','剧情','中国大陆','汉语普通话',0,'4D','2018-12-31','i4/TB12qLwaRUSMeJjy1zjXXc0dXXa_.jpg','2','0'),(156998,'兔侠传奇3：天降魔兵','Legend of A Rabbit 3','马元,王丰彬,董大可','暂无','动画,家庭','中国大陆','汉语普通话',0,'4D','2018-12-31','i3/TB1f4wDKpXXXXX1XXXXXXXXXXXX_.jpg','2','0'),(157203,'小马宝莉大电影','My Little Pony: The Movie','Jayson Thiessen','克里斯汀·肯诺恩斯,艾米莉·布朗特,佐伊·索尔达娜,列维·施瑞博尔,Ashleigh Ball,泰拉·卡伦多芙','动画,冒险,喜剧','美国','英语',100,'3D','2018-02-02','i4/TB1PSNNntzJ8KJjSspkXXbF7VXa_.jpg','1','0'),(157292,'李娜','Li Na','陈可辛','暂无','剧情,传记,运动','中国','汉语普通话',0,'2D','2018-12-31','i3/TB1ZJPBMXXXXXaoXVXXXXXXXXXX_.jpg','2','0'),(157450,'黑豹','Black Panther','佚名','查德维克·博斯曼,安迪·瑟金斯,露皮塔·尼永奥,迈克尔·B·乔丹','动作,剧情,科幻','美国','英语',0,'3D','2018-03-31','i2/TB1xAwpPXXXXXcZaXXXXXXXXXXX_.jpg','1','0'),(158179,'一生有你','None','卢庚戌','徐娇,谢彬彬,晏紫东','爱情','中国大陆','汉语普通话',0,'2D','2018-12-31','2/TB1jRsai3vD8KJjSsplXXaIEFXa_.jpg','2','0'),(158292,'流浪地球','The Wandering Earth','郭帆','李光洁,屈楚萧','科幻','中国','汉语普通话',0,'3D','2018-12-31','i4/TB1COF2a3oQMeJjy0FnXXb8gFXa_.jpg','2','0'),(158775,'头号玩家','Ready Player One','史蒂文·斯皮尔伯格','本·门德尔森,泰伊·谢里丹,西蒙·佩吉,马克·里朗斯,扎克·佩恩','科幻,动作','美国','英语',90,'2D','2018-03-31','i3/TB1U.s4b7fb_uJkSmFPXXcrCFXa_.jpg','1','0'),(159289,'沙漏','Sandglass','钟汉良','暂无','爱情,剧情','中国大陆','汉语普通话',0,'4D','2018-12-31','i2/TB1pgM_MXXXXXa1XpXXXXXXXXXX_.jpg','2','0'),(159315,'昨日青空','Crystal Sky of Yesterday','奚超','暂无','青春,校园,爱情','中国大陆','汉语普通话',0,'4D','2018-12-31','i3/TB1FWTwflHH8KJjy0FbXXcqlpXa_.jpg','2','0'),(161169,'空袭','The Doolittle Raid','布鲁斯·贝尔斯福德','暂无','剧情','中国大陆,美国','汉语普通话,英语',0,'4D','2018-12-31','1/TB1euFdKXXXXXaMXVXXXXXXXXXX_.jpg','2','0'),(161573,'繁花','Blossoms','王家卫','章子怡,吴亦凡','剧情 历史','中国大陆 中国香港','汉语普通话 上海话',0,'4D','2020-12-31','i2/TB12sAhQFXXXXc1XFXXXXXXXXXX_.jpg','2','0'),(161804,'八仙之各显神通','The Immortal Eight','陆剑青','暂无','动作,奇幻,剧情','中国大陆','汉语普通话',0,'3D','2019-02-05','i3/TB1Rk22KpXXXXbpaXXXXXXXXXXX_.jpg','2','0'),(162109,'印度奇游','The Amazing Trip to India','张建亚','王学兵,王双宝,张雅涵','爱情,喜剧','中国大陆,印度','汉语普通话,印地语',90,'4D','2019-12-31','i3/TB1zRhZJpXXXXXNXFXXXXXXXXXX_.jpg','2','0'),(162338,'在清朝','Zai Qing Chao','贾樟柯','暂无','动作 喜剧 古装','中国','汉语普通话',0,'2D','2018-12-31','i2/TB1WuX6QVXXXXXdaXXXXXXXXXXX_.jpg','2','0'),(162676,'风林火山','Son of the Neon Night','麦浚龙','梁家辉,金城武,刘青云,古天乐,高圆圆','警匪,犯罪','中国香港','粤语',0,'3D','2018-12-31','i4/TB1IgpwPVXXXXaSXVXXXXXXXXXX_.jpg','2','0'),(162731,'悠长驾期','Drive me Crazy','佚名','王珞丹,张震','喜剧,爱情','中国,中国香港','汉语普通话',0,'2D','2018-12-31','i2/TB17m6dLVXXXXcoXpXXXXXXXXXX_.jpg','2','0'),(162771,'欧洲攻略','Europe Raiders','马楚成, 马楚成','梁朝伟,吴亦凡,唐嫣,杜鹃','动作,爱情,喜剧','中国大陆','汉语普通话,粤语,英语,意大利语',100,'4D','2018-12-31','i4/TB1qUiuRVXXXXaxaXXXXXXXXXXX_.jpg','2','0'),(163095,'新哥斯拉','シン・ゴジラ','庵野秀明,樋口真嗣','长谷川博己,竹野内丰,石原里美','科幻,灾难,剧情','日本','日语,英语',120,'3D','2018-03-31','i4/TB1mn5DncbI8KJjy1zdXXbe1VXa_.jpg','1','0'),(163573,'纯洁心灵·逐梦演艺圈','Pure Hearts:Into Chinese Showbiz','毕志飞','朱哲健,李彦漫,陈思瀚,张芷榕,毕志飞','青春,励志,喜剧','中国大陆','汉语普通话',98,'2D','2018-02-16','i4/TB1auo5km_I8KJjy0FoXXaFnVXa_.jpg','1','0'),(163586,'敢问路在何方','Journey To The West','六小龄童','六小龄童,马德华','史诗,魔幻','中国大陆','汉语普通话',0,'3D','2019-12-31','1/TB1MLpwKXXXXXXpXpXXXXXXXXXX_.jpg','2','0'),(163631,'南极之恋','Till The End Of The World','吴有音','赵又廷,杨子姗','爱情,冒险','中国大陆','汉语普通话',115,'4D','2018-02-02','i4/TB1GnZPfTnI8KJjy0FfXXcdoVXa_.jpg','1','0'),(164331,'阴尸凶灵','None','佚名','白歆惠,罗家英','惊悚,恐怖,犯罪','中国大陆','汉语普通话',0,'4D','2018-12-31','i3/TB1iphqKXXXXXavXpXXXXXXXXXX_.jpg','2','0'),(165406,'临时保镖','None','佚名','任昌丁','动作,剧情','中国大陆,韩国','汉语普通话',0,'4D','2018-12-31','i3/TB1rD9bJpXXXXa_XXXXXXXXXXXX_.jpg','2','0'),(165467,'法门寺密码','None','徐克','陈坤,黎明,周迅','武侠 古装 悬疑','中国','汉语普通话',0,'2D','2018-12-31','3/TB1YwhhKXXXXXXSXVXXXXXXXXXX_.jpg','2','0'),(171394,'马戏之王','The Greatest Showman','迈克尔·格雷西','休·杰克曼,扎克·埃夫隆,米歇尔·威廉姆斯,丽贝卡·弗格森,赞达亚·科尔曼','传记,剧情,歌舞','美国','英语',106,'3D','2018-02-01','i2/TB1APMze3jN8KJjSZFkXXaboXXa_.jpg','1','0'),(173034,'冰海陷落','Hunter Killer','多诺万·马什','杰拉德·巴特勒,加里·奥德曼','动作,惊悚','美国','英语',0,'4D','2018-04-30','i2/TB1eYXuckfb_uJkHFqDXXXVIVXa_.jpg','1','0'),(173540,'木兰奇缘','Mu Lan Qi Yuan','黄真真','杨幂','奇幻','中国','汉语普通话',0,'3D','2019-12-31','3/TB1uEtnKXXXXXaHXFXXXXXXXXXX_.jpg','2','0'),(179034,'神秘宝藏','The Treasure','陈嘉上,郑中基','郑中基,黄子华,陈法拉','动作,冒险,喜剧','中国大陆','汉语普通话',0,'3D','2018-12-31','i2/TB1ghX2liFTMKJjSZFAXXckJpXa_.jpg','2','0'),(179761,'超能少年事件','Super Juvenile Incident','佚名','暂无','科幻','中国大陆','汉语普通话',0,'2D','2018-12-31','i1/TB1lQ3JLVXXXXccXpXXXXXXXXXX_.jpg','2','0'),(180228,'大侦探霍桑','The Great Detective','周显扬','韩庚,尹正,张慧雯,郭晓东','喜剧,动作,悬疑','中国大陆','汉语普通话',0,'4D','2018-12-31','i4/TB1ryBvLpXXXXX_XXXXXXXXXXXX_.jpg','2','0'),(183137,'闺蜜心窍','Close Ladies','洪斗贤','金晨,姜潮,朱璇,王美人','爱情,惊悚,恐怖','中国,韩国','汉语普通话',90,'2D','2018-12-31','i3/TB1ZbhgJFXXXXcYXFXXXXXXXXXX_.jpg','2','0'),(184604,'诡宅','The Ghost House','张帆','许韶洋,苑琼丹,罗家英,王曼灵,卢衫','惊悚,悬疑','中国大陆','汉语普通话',90,'2D','2018-12-31','i1/TB1GLWvKFXXXXcGXVXXXXXXXXXX_.jpg','2','0'),(186881,'蛮荒记','The Heroic Age','佚名','暂无','剧情,奇幻','中国大陆','汉语普通话',0,'2D','2019-12-31','i4/TB12exLLpXXXXavaXXXXXXXXXXX_.jpg','2','0'),(188995,'那些女人','Goddness In The Flames Of War','江平,李作楠','何赛飞,秦怡,保剑锋,白冰','剧情,战争','中国大陆','汉语普通话',0,'4D','2019-12-31','i2/TB1vfVBKXXXXXcrXXXXXXXXXXXX_.jpg','2','0'),(189024,'逃跑计划','None','于德鹏','金路秀 潘彬龙 张磊','剧情,喜剧','中国大陆','汉语普通话',90,'3D','2018-12-31','i2/TB1_tNiLVXXXXb6aXXXXXXXXXXX_.jpg','2','0'),(189027,'活宝','Idiots','陈伟强,王惜今','黄圣依,胡夏,王惜今,陈籽熹','喜剧,爱情,动作','中国大陆','汉语普通话',100,'2D','2018-12-31','i1/TB1MBFFKXXXXXalXXXXXXXXXXXX_.jpg','2','0'),(189035,'毕业作品','LOVE TRIP','许斌','张一山,丁丁,朱泳腾','青春,冒险,爱情','中国','汉语普通话',0,'2D','2018-12-31','i3/TB1UhHVb6gy_uJjSZKPXXaGlFXa_.jpg','2','0'),(189043,'非常同伙','None','王大治','王大治,张嘉译,牛莉','喜剧,爱情','中国大陆','汉语普通话',0,'2D','2018-12-31','i2/TB18zRmLVXXXXXKaXXXXXXXXXXX_.jpg','2','0'),(189053,'闺蜜2','Girls 2','黄真真','薛凯琪,陈意涵,张钧甯','喜剧,剧情,爱情','中国大陆','汉语普通话',0,'3D','2018-03-02','i1/TB1cUq2mBDH8KJjy1zeXXXjepXa_.jpg','1','0'),(189056,'未择之路','The Road Not Taken','唐高鹏','马伊琍,文章,王学兵','犯罪,剧情','中国大陆','汉语普通话',0,'4D','2018-12-31','i4/TB1ZF0LLVXXXXc4XXXXXXXXXXXX_.jpg','2','0'),(189069,'星核','Star Core','伍刚 周磊','暂无','科幻,动作','中国大陆','汉语普通话,英语',90,'4D','2018-12-31','i1/TB1XpXELVXXXXasXFXXXXXXXXXX_.jpg','2','0'),(189073,'以父之名','Father','王学圻','苗圃,王学圻,昆凌,王鸥','剧情,动作,悬疑','中国大陆','汉语普通话',0,'3D','2018-12-31','i2/TB1MY4sKXXXXXbtXpXXXXXXXXXX_.jpg','2','0'),(189078,'天降恶邻','None','田蒙','暂无','喜剧,奇幻','中国大陆','汉语普通话',0,'4D','2018-12-31','i4/TB1Xh0LLVXXXXcLXpXXXXXXXXXX_.jpg','2','0'),(189079,'发小儿','Childhood Buddy','佚名','暂无','喜剧,爱情','中国大陆','汉语普通话',0,'4D','2018-12-31','i1/TB1_4OMXqzB9uJjSZFMXXXq4XXa_.jpg','2','0'),(189217,'七夜追魂','The Missing','陈会毅','郝劭文,释小龙,张翰,张睿家','恐怖','中国大陆','汉语普通话',0,'2D','2018-12-31','i1/TB1fjOkLVXXXXcKXVXXXXXXXXXX_.jpg','2','0'),(190248,'画框里的女人','The Lady in The Portrait','查理·德莫','范冰冰,梅尔维尔·珀波,黄觉,吴越','剧情','中国,法国','汉语普通话,法语',90,'4D','2018-12-31','i2/TB1pdu2LVXXXXcvXVXXXXXXXXXX_.jpg','2','0'),(190393,'恶作剧之吻','Dating Master','陈思诚','陈思诚,田中千绘,倪虹洁,谭俊彦','爱情,喜剧','中国大陆','汉语普通话',100,'2D','2018-12-31','1/TB1cYAhOXXXXXatXpXXXXXXXXXX_.jpg','2','0'),(190409,'你在干嘛','I Miss You','林小鑫','朱梓骁,江若琳','爱情,喜剧','中国大陆','汉语普通话',90,'4D','2018-12-31','i2/TB1so62LVXXXXb5XXXXXXXXXXXX_.jpg','2','0'),(190545,'济公之人皇鼎','Any Emperor Ding','刘嘉靖','郑元畅,童菲,林爽','喜剧,古装','中国大陆','汉语普通话',0,'4D','2018-12-31','i4/TB1f8UoLVXXXXc4XXXXXXXXXXXX_.jpg','2','0'),(190546,'冠军的心','None','佚名','暂无','运动,动作,剧情','中国','汉语普通话',0,'4D','2018-12-31','i3/TB1hr.XLVXXXXX0XVXXXXXXXXXX_.jpg','2','0'),(190638,'我想静静','Quiet','张坚庭','余少群,王心凌','喜剧','中国大陆','汉语普通话',100,'4D','2018-12-31','i3/TB1EnwSLVXXXXaBXXXXXXXXXXXX_.jpg','2','0'),(190651,'奇葩朵朵','None','李欣','张若昀,马思纯,李霄云','剧情,爱情','中国大陆','汉语普通话',0,'4D','2018-12-31','i3/TB1K9MxLVXXXXbKXVXXXXXXXXXX_.jpg','2','0'),(190652,'欢迎来到旧金山','Welcome to the San Francisco','孙艳杰','邓超,黄渤,佟大为','喜剧','中国大陆','汉语普通话',0,'2D','2018-12-31','2/TB1rHXvKXXXXXbyXpXXXXXXXXXX_.jpg','2','0'),(190655,'斯诺克','Snooker','李彬, 车径行','伊恩·萨默海尔德,保罗·韦斯利','剧情,喜剧,运动','中国大陆','汉语普通话',0,'4D','2018-12-31','i1/TB1BW3zLVXXXXb2XVXXXXXXXXXX_.jpg','2','0'),(190713,'A测试','A Test Of Love Adventure','马俪文','于小彤,薛之谦,徐冬冬','爱情','中国大陆','汉语普通话',105,'3D','2018-12-31','i1/TB1WZi5LXXXXXadaXXXXXXXXXXX_.jpg','2','0'),(190731,'机械仁心','None','林耀之','刘烨 谢霆锋 张静初','科幻,悬疑','中国大陆','汉语普通话',120,'4D','2018-12-31','i4/TB1.7Z8LVXXXXX3XVXXXXXXXXXX_.jpg','2','0'),(190734,'我爱喵星人','Catman','朴熙坤','吴世勋,吴倩','奇幻,爱情,喜剧','中国大陆','汉语普通话',90,'3D','2018-12-31','i2/TB1TIdZMXXXXXXYXXXXXXXXXXXX_.jpg','2','0'),(190738,'大闹东海','Ne Zha','刘镇伟','张丰毅,杨紫琼,吴磊','奇幻,喜剧,动作','中国大陆','汉语普通话',0,'3D','2018-12-31','i1/TB1bj8bKXXXXXcRXVXXXXXXXXXX_.jpg','2','0'),(190779,'北极','None','张楠,李伟','贺宽,赵立新,王佳佳,梁静','科幻','中国','汉语普通话',0,'2D','2019-12-31','i1/TB1ZHNeMXXXXXbuXVXXXXXXXXXX_.jpg','2','0'),(190782,'非常交易','None','黄健','小沈阳 姜武 杨蓉 于婷婷 高捷 马浴柯 汪汐潮','剧情','中国大陆','汉语普通话',0,'4D','2019-12-31','i2/TB1poBnMXXXXXazXFXXXXXXXXXX_.jpg','2','0'),(192195,'奇怪的同居','None','金亨骏,金亨俊','余少群 金桢勋 金多顺','喜剧,爱情','中国大陆,韩国','汉语普通话',0,'4D','2020-12-31','i3/TB1v52cMXXXXXc0XpXXXXXXXXXX_.jpg','2','0'),(192862,'冒牌三勇士','The Three Warrior Impostors','韩杰','黄轩,李滨,范明,张辛苑','爱情','中国大陆','汉语普通话',0,'4D','2018-12-31','i3/TB1WPjnMXXXXXc3XFXXXXXXXXXX_.jpg','2','0'),(192907,'影子灰烬','None','赵非','暂无','剧情','中国大陆','汉语普通话',0,'3D','2018-12-31','i2/TB1L0TSMXXXXXXAXpXXXXXXXXXX_.jpg','2','0'),(192908,'没有别的爱','None','赵薇','袁泉 戴立忍 俞飞鸿 宁静 齐溪 孙悦','爱情,犯罪','中国大陆','汉语普通话',0,'3D','2018-12-31','i1/TB1Ofj0MXXXXXXWXXXXXXXXXXXX_.jpg','2','0'),(192911,'心理罪之暗河','None','龚朝,龚朝晖','暂无','剧情,犯罪','中国大陆','汉语普通话',0,'3D','2020-12-31','i3/TB1fpjCMXXXXXbjXVXXXXXXXXXX_.jpg','2','0'),(192912,'明日战纪','Virtus','罗志良','古天乐,刘青云','科幻,动作','中国香港','汉语普通话',0,'4D','2018-12-31','i4/TB1BcUHboQIL1JjSZFhXXaDZFXa_.jpg','2','0'),(192914,'白麻雀','None','曹保平','暂无','剧情','中国','汉语普通话,藏语',0,'2D','2019-12-31','','2','0'),(192915,'中国往事','None','陈可辛','暂无','剧情','中国大陆','汉语普通话',0,'4D','2018-12-31','i3/TB11MrnMXXXXXXNapXXXXXXXXXX_.jpg','2','0'),(192920,'肇事者','None','连奕琦','暂无','悬疑','中国大陆','汉语普通话',0,'3D','2018-12-31','i4/TB1kHigOXXXXXbqaFXXXXXXXXXX_.jpg','2','0'),(192980,'寄居者','None','凯文·科斯特纳','马克·沃尔伯格','战争,剧情,爱情','中国大陆','汉语普通话',0,'4D','2019-12-31','i2/TB1IDPYMXXXXXXzXVXXXXXXXXXX_.jpg','2','0'),(192983,'六度空间','None','温河','聂远 葛天 杜奕衡','悬疑','中国','汉语普通话',0,'2D','2018-12-31','i3/TB1uJL1MXXXXXbcXFXXXXXXXXXX_.jpg','2','0'),(193105,'奇迹：追逐彩虹','Into the Rainbow','诺曼·斯通,麦咏麟','吴磊,陈乔恩,高圣远,钟丽缇','剧情,奇幻,冒险','新西兰,中国,英国','汉语普通话',88,'3D','2018-12-31','i4/TB15OxjMpXXXXXjXXXXXXXXXXXX_.jpg','2','0'),(193106,'古剑千古情','None','谢尔盖·波德罗夫','景甜,刘嘉玲,姚星彤','动作,奇幻,爱情','中国大陆','汉语普通话',0,'4D','2018-12-31','','2','0'),(193222,'失控·幽灵飞车','Out of Control','阿克塞尔·桑德','张柏芝,崔胜铉','剧情,动作','中国大陆,德国','汉语普通话',0,'4D','2018-12-31','i2/TB1sYhsMpXXXXXrXpXXXXXXXXXX_.jpg','2','0'),(193275,'完全男生手册','None','佚名','董子健,春夏','青春,爱情','中国','汉语',0,'3D','2018-12-31','i1/TB1lJRvMpXXXXc6XpXXXXXXXXXX_.jpg','2','0'),(193495,'一味料理','None','萧荣','陈晓 薛凯琪 张丰毅 刘威 王祖蓝 关德辉 林雪','美食,喜剧','中国','汉语普通话',0,'4D','2018-12-31','i2/TB13YawMpXXXXXrXVXXXXXXXXXX_.jpg','2','0'),(193972,'霹雳再现','Pili Back','高飞','吴建豪 张小斐 白凯南 于谦','喜剧,科幻','中国大陆','汉语普通话',0,'4D','2019-12-31','i3/TB1CfM0MpXXXXcwXXXXXXXXXXXX_.jpg','2','0'),(193973,'黄帝大战蚩尤','The Ancient War','杜琪峰','暂无','剧情','中国','汉语普通话',0,'2D','2018-12-31','i1/TB1f9IZMpXXXXaBXpXXXXXXXXXX_.jpg','2','0'),(194116,'闻烟','None','泷田洋二郎','暂无','剧情','中国','汉语普通话',0,'4D','2018-12-31','i4/TB1FGdeMFXXXXcZXVXXXXXXXXXX_.jpg','2','0'),(194119,'我在时间尽头等你','None','翁子光','暂无','剧情','中国','汉语普通话',0,'4D','2018-12-31','i2/TB1EQSENFXXXXcEaXXXXXXXXXXX_.jpg','2','0'),(194495,'风中有朵雨做的云','None','娄烨','井柏然,马思纯','剧情,悬疑,犯罪','中国大陆','汉语普通话',0,'3D','2019-12-31','i2/TB1qBZvXE6FK1Jjy0FoXXXHqVXa_.jpg','2','0'),(197706,'我的宠物是大象','My Pet Is An Elephant','邵晓黎','孔维,林雪,尤靖茹,刘青云','喜剧','中国大陆','汉语普通话',0,'4D','2018-12-31','i2/TB1Eyh6KXXXXXXrXpXXXXXXXXXX_.jpg','2','0'),(198798,'我说的都是真的','None','刘仪伟','刘仪伟,陈意涵,小沈阳','喜剧,悬疑,动作','中国大陆','汉语普通话',0,'3D','2018-12-31','3/TB1myvqKXXXXXbfXpXXXXXXXXXX_.jpg','2','0'),(199019,'保持沉默','Remain Silence','周可','周迅,吴镇宇,祖峰','悬疑,犯罪,剧情','中国,中国香港','汉语普通话',0,'4D','2018-12-31','i3/TB1Cn8fKpXXXXbgXVXXXXXXXXXX_.jpg','2','0'),(199365,'旋风少女','Whirlwind Girl','佚名','暂无','剧情','中国大陆','汉语普通话',0,'3D','2018-12-31','i1/TB1JVHAKpXXXXcJXFXXXXXXXXXX_.jpg','2','0'),(199368,'亲爱的阿基米德','Dear Arehimedes','张思麟','吴世勋','爱情,悬疑','中国大陆','汉语普通话',0,'4D','2019-12-31','i2/TB1.srxKpXXXXbwXVXXXXXXXXXX_.jpg','2','0'),(199378,'这辈子有过你','None','何念','温碧霞','爱情','中国大陆','汉语普通话',0,'2D','2018-12-31','i2/TB1pVL0KpXXXXXsXXXXXXXXXXXX_.jpg','2','0'),(199379,'大米超人','Super Riceman','佚名','暂无','喜剧','中国大陆,德国','汉语普通话',0,'2D','2018-12-31','i4/TB1x_DzKpXXXXXOXVXXXXXXXXXX_.jpg','2','0'),(199505,'猛虫过江','None','小沈阳','小沈阳,宋芸桦,潘斌龙,金士杰','爱情,喜剧','中国','汉语普通话',0,'2D','2018-12-31','i3/TB1Ujuei0nJ8KJjSszdXXaxuFXa_.jpg','2','0'),(199506,'天启大爆炸','None','佚名','暂无','剧情,科幻','中国','汉语普通话',0,'4D','2018-12-31','','2','0'),(199508,'第一次的亲密接触','None','佚名','暂无','爱情','中国','汉语普通话',0,'3D','2018-12-31','','2','0'),(199509,'征途','None','佚名','暂无','动作,战争','中国','汉语普通话',0,'2D','2018-12-31','','2','0'),(199511,'地久天长','None','王小帅','暂无','剧情','中国大陆','汉语普通话',0,'4D','2019-12-31','i4/TB1ZvwpKpXXXXcMXXXXXXXXXXXX_.jpg','2','0'),(199514,'天机2-731惊魂','None','郭暻泽','暂无','悬疑,动作','中国,韩国','汉语普通话',0,'4D','2018-12-31','i4/TB1DRMbKpXXXXb1XFXXXXXXXXXX_.jpg','2','0'),(199516,'世界边缘','The Edge of the World','佚名','暂无','剧情 爱情','中国 美国','汉语普通话',0,'2D','2018-12-31','i1/TB174EkKpXXXXbtXpXXXXXXXXXX_.jpg','2','0'),(199517,'梁祝','None','佚名','暂无','爱情 动画','中国 美国','汉语普通话',0,'3D','2018-12-31','i1/TB12SsrKpXXXXbYXXXXXXXXXXXX_.jpg','2','0'),(199522,'皇城北京','None','佚名','暂无','悬疑 爱情 奇幻','中国 美国','汉语普通话',0,'3D','2018-12-31','i4/TB1geHVKpXXXXb4apXXXXXXXXXX_.jpg','2','0'),(199523,'你是我的礼物','You Are My Gift','李焕庆','暂无','喜剧 亲情','中国 美国 韩国','汉语普通话',0,'3D','2018-12-31','i1/TB16EQgKpXXXXaGXFXXXXXXXXXX_.jpg','2','0'),(199524,'雪原恋人','None','佚名','暂无','爱情 运动','中国','汉语普通话',0,'2D','2018-12-31','i3/TB1QOQuKpXXXXatXXXXXXXXXXXX_.jpg','2','0'),(199525,'超强大脑','None','佚名','暂无','悬疑','中国 韩国','汉语普通话',0,'2D','2018-12-31','i1/TB1JIv9KpXXXXcnXVXXXXXXXXXX_.jpg','2','0'),(199529,'那小子真帅','None','佚名','暂无','青春','中国 韩国','汉语普通话',0,'3D','2018-12-31','i3/TB10oIaKpXXXXXHXVXXXXXXXXXX_.jpg','2','0'),(199530,'借我春风如少年','None','易术','暂无','爱情 青春','中国','汉语普通话',0,'3D','2018-12-31','i2/TB1QdZnKpXXXXaGXpXXXXXXXXXX_.jpg','2','0'),(199532,'爱呼3-风在吹','None','佚名','暂无','奇幻 爱情 喜剧','中国','汉语普通话',0,'4D','2018-12-31','i1/TB1VsY3KpXXXXckaXXXXXXXXXXX_.jpg','2','0'),(199533,'五蠹','None','佚名','暂无','奇幻 爱情','中国','汉语普通话',0,'4D','2018-12-31','i4/TB1q323KpXXXXb1aXXXXXXXXXXX_.jpg','2','0'),(199534,'网红公寓','None','佚名','暂无','励志 爱情 喜剧','中国','汉语普通话',0,'2D','2018-12-31','i1/TB1Z_T3KpXXXXbWaXXXXXXXXXXX_.jpg','2','0'),(199536,'异次元夫妻','None','佚名','暂无','都市 爱情 喜剧','中国','汉语普通话',0,'4D','2018-12-31','i2/TB17robKpXXXXXFXVXXXXXXXXXX_.jpg','2','0'),(199682,'极速钱进','For Money','佚名','于莎莎,印小天,姜超,朱时茂','喜剧','中国大陆','汉语普通话',0,'3D','2018-12-31','i3/TB10MXhKFXXXXXaXFXXXXXXXXXX_.jpg','2','0'),(199729,'封神道','None','佚名','暂无','玄幻 动作','中国','汉语普通话',0,'2D','2018-12-31','3/TB1xiRxKXXXXXXOXpXXXXXXXXXX_.jpg','2','0'),(199730,'阿修罗','Asura','张鹏','吴磊,梁家辉,刘嘉玲,张艺上','奇幻,动作,爱情','中国大陆','汉语普通话',0,'4D','2018-12-31','i2/TB1kHdjdPgy_uJjSZPxXXanNpXa_.jpg','2','0'),(199733,'疯狂拉力赛','Rally Car','哈罗德·兹瓦特','基努·里维斯','动作,剧情,冒险','美国,中国大陆','英语',0,'2D','2018-12-31','i1/TB16.0NKFXXXXXUXXXXXXXXXXXX_.jpg','2','0'),(199752,'裂世者','World Breakers','威廉·尤克班','暂无','剧情','美国,中国','英语,汉语普通话',0,'2D','2018-12-31','i1/TB1uBRbKXXXXXXcXVXXXXXXXXXX_.jpg','2','0'),(199754,'虎影侠','Realm of the Tiger','佚名','李冰冰','科幻','中国 美国','汉语普通话',0,'4D','2018-12-31','i3/TB1AwBnKXXXXXa.XFXXXXXXXXXX_.jpg','2','0'),(199755,'校花的贴身高手','None','佚名','暂无','奇幻,青春,动作','中国大陆','汉语普通话',0,'3D','2018-12-31','i3/TB1uaNrKXXXXXXwXFXXXXXXXXXX_.jpg','2','0'),(199778,'尼斯大冒险','Manou the Swift','安德里亚·布洛克,克里斯蒂安·哈斯','暂无','动画','法国,德国,英国','英语,汉语普通话',100,'3D','2018-12-31','i1/TB1leRUKFXXXXbGXXXXXXXXXXXX_.jpg','2','0'),(199908,'冰火大冒险','None','佚名','暂无','动画','中国大陆','汉语普通话',0,'4D','2018-12-31','i2/TB1PoRfKXXXXXabXVXXXXXXXXXX_.jpg','2','0'),(200061,'双生','The Twins','金振成','刘昊然,陈都灵','悬疑,爱情,剧情','中国大陆','汉语普通话',0,'3D','2018-12-31','i2/TB17OQIKpXXXXa6XVXXXXXXXXXX_.jpg','2','0'),(200655,'21克拉','21 Carats','何念','郭京飞,迪丽热巴,大鹏','爱情,喜剧','中国大陆','汉语普通话',135,'4D','2018-12-31','i1/TB1QHNtKXXXXXb2XpXXXXXXXXXX_.jpg','2','0'),(200658,'闭嘴！爱吧','Unexpected Love','佚名','张艺兴,郑秀晶','爱情,喜剧','韩国,中国大陆','韩语,汉语普通话',0,'2D','2018-12-31','i2/TB1RjVwKXXXXXaQXpXXXXXXXXXX_.jpg','2','0'),(200702,'傻儿夫妻小神郎','None','马雍','尹恒','喜剧,爱情','中国','汉语普通话',95,'3D','2018-12-31','i1/TB1Ip8kKXXXXXXKXFXXXXXXXXXX_.jpg','2','0'),(202111,'追·踪','Ash','李霄峰','罗晋,聂远,黄觉,辛鹏,姜珮瑶','剧情','中国大陆','汉语普通话',120,'4D','2018-04-30','i1/TB1EtqqLXXXXXbiXpXXXXXXXXXX_.jpg','1','0'),(202636,'遇见下一个你','Once Again','刘剑华','连凯,徐熙颜,姜潮,任容萱','爱情,喜剧','中国','汉语普通话',94,'3D','2018-12-31','i2/TB1JkAYLXXXXXXTXVXXXXXXXXXX_.jpg','2','0'),(203834,'一路春风','On The Way','佚名','暂无','剧情','中国大陆','汉语普通话',120,'3D','2018-12-31','i2/TB1iLoKMVXXXXcsXVXXXXXXXXXX_.jpg','2','0'),(205793,'我的女友是泰山','None','冯志强','暂无','剧情','中国大陆','汉语普通话',0,'3D','2018-12-31','2/TB1d.OKNpXXXXcOXpXXXXXXXXXX_.jpg','2','0'),(205989,'那时，可爱的她们','The Bitter and Sweet Youth','林妍','黄婷婷,李艺彤','剧情,喜剧','中国','汉语普通话',0,'3D','2018-12-31','1/TB1vBLuNpXXXXaqXXXXXXXXXXXX_.jpg','2','0'),(206549,'大导归来','Master Returns','李诚儒','李诚儒,王姬,张桐,于金源','剧情,喜剧','中国大陆','汉语普通话',95,'3D','2018-02-09','i3/TB1S8cqm3nH8KJjSspcXXb3QFXa_.jpg','1','0'),(206652,'城市猎人','City Hunter','唐季礼','黄晓明','剧情','中国','汉语普通话',0,'2D','2018-12-31','i4/TB1fdLSNFXXXXbwaXXXXXXXXXXX_.jpg','2','0'),(207039,'乌玛卡喇','Umakala','叶庭浒','王珞丹','动作,剧情,冒险','中国','汉语普通话',0,'3D','2019-12-31','i4/TB1qziZNpXXXXa0aXXXXXXXXXXX_.jpg','2','0'),(207185,'刀背藏身','The Hidden Sword','徐浩峰','许晴,春夏,张傲月','武侠,动作,剧情','中国大陆','汉语普通话',0,'3D','2018-12-31','i4/TB1vuESPpXXXXbSXFXXXXXXXXXX_.jpg','2','0'),(207234,'奇幻之旅','None','张翀','王大陆,宋佳,曹炳琨,马精武','剧情','中国','汉语普通话',0,'2D','2019-12-31','i3/TB1wWWpNVXXXXaeXFXXXXXXXXXX_.jpg','2','0'),(208079,'娱乐追击','None','李轩,王晖','洪天明,姜超','动作,喜剧','中国大陆','汉语普通话',0,'3D','2018-12-31','2/TB1zO1mOXXXXXcCXpXXXXXXXXXX_.jpg','2','0'),(208409,'Uta不是流浪狗','Uta Is Not A Stray Dog','本木克英','江若琳,杜天皓','剧情','中国大陆','汉语普通话',0,'4D','2018-12-31','i4/TB1b7nQOXXXXXaiXVXXXXXXXXXX_.jpg','2','0'),(208490,'枪炮腰花','Guns and Kidneys','张猛','王千源,黄景瑜','喜剧,剧情,动作','中国大陆','汉语普通话',0,'2D','2018-12-31','i4/TB1JjjeSFXXXXbdapXXXXXXXXXX_.jpg','2','0'),(208837,'猫武士','Warriors','佚名','暂无','动画 奇幻','美国','英语',0,'4D','2019-12-31','i2/TB1U.SsOpXXXXaLXpXXXXXXXXXX_.jpg','2','0'),(209042,'雪暴','Savages','崔斯韦','张震,廖凡,倪妮,黄觉','剧情','中国大陆','汉语普通话',0,'4D','2019-12-31','i1/TB1IqUBb7fb_uJkSnaVXXXFmVXa_.jpg','2','0'),(209264,'捉妖记2','Monster Hunt 2','许诚毅','梁朝伟,白百何,井柏然,李宇春,杨祐宁','奇幻,动作,喜剧','中国大陆','汉语普通话',110,'2D','2018-02-16','i4/TB18JiknsjI8KJjSsppXXXbyVXa_.jpg','1','0'),(209358,'三好差生','None','周彤,代梦颖','宋芸桦,宋威龙,林妍柔,黄俊捷','青春,爱情,喜剧','中国大陆,中国台湾','汉语普通话',0,'4D','2018-12-31','i4/TB1fj7uOpXXXXcAXpXXXXXXXXXX_.jpg','2','0'),(209457,'营救汪星人','The Big Rescue','梁婷','成毅,崔雅涵,文松,林雪,欧弟,王泷正','剧情,喜剧','中国','汉语普通话',0,'4D','2018-02-16','i3/TB1o_7zOpXXXXbIXVXXXXXXXXXX_.jpg','1','0'),(209573,'三国杀·幻','Legends of the Three Kingdoms','吕柯憬','郑伊健,贾青,于荣光,谢天华,林晓峰','动作,奇幻,爱情','中国大陆','汉语普通话',0,'4D','2018-12-31','i1/TB1anpjOFXXXXa0apXXXXXXXXXX_.jpg','2','0'),(209973,'酥油','Meiduo','管曦','朱珠,更登彭措,多布杰,洛桑群培','剧情,爱情','中国大陆','汉语普通话',105,'3D','2018-12-31','i2/TB1hHzoOFXXXXclXpXXXXXXXXXX_.jpg','2','0'),(210718,'断片之险途夺宝','Mad Ebriety','罗登','葛优,岳云鹏,杜淳,蔡卓妍','喜剧,冒险','中国大陆','汉语普通话',114,'2D','2018-12-31','i1/TB1yJ28RVXXXXaDapXXXXXXXXXX_.jpg','2','0'),(210943,'古剑奇谭之流月昭明','None','雷尼·哈林','王力宏,宋茜,高以翔,吴千语','奇幻,剧情,冒险','中国大陆','汉语普通话',0,'4D','2018-12-31','i4/TB1twQPOFXXXXaYaXXXXXXXXXXX_.jpg','2','0'),(210968,'欲念游戏','None','郭涛','郭涛,姜潮,梅婷,张子枫','科幻,悬疑','中国','汉语普通话',0,'4D','2018-12-31','i1/TB1j3RrOVXXXXXXaXXXXXXXXXXX_.jpg','2','0'),(210988,'炼狱信使','A Prayer Before Dawn','让-斯蒂芬·萨瓦尔','乔·科尔','动作,传记,犯罪','英国,法国','英语,泰语',120,'4D','2018-12-31','i3/TB1Zi0IinTI8KJjSsphXXcFppXa_.jpg','2','0'),(210990,'童心无归处','Casting JonBenet','凯蒂·格林','Hannah Cagwin,Shylee Sagle,Jerry Cortese,Kit Thompson,Amy Dowd,Teresa Cocas,Tamara Hutchins','纪录片','美国,澳大利亚,中国大陆','英语',80,'3D','2018-12-31','i4/TB1Zip8igLD8KJjSszeXXaGRpXa_.jpg','2','0'),(210991,'神探狗笨吉','Benji','布兰登·坎普','加布里埃尔·贝特曼,基拉·桑切斯,安古斯·山姆普森','家庭,喜剧','美国,中国大陆','英语',85,'4D','2018-12-31','i1/TB1R4xZOVXXXXcAXXXXXXXXXXXX_.jpg','2','0'),(211035,'表情奇幻冒险','The Emoji Movie','安东尼·莱昂迪斯','T·J·米勒,詹姆斯·柯登,玛娅·鲁道夫,安娜·法瑞丝','喜剧,动画,冒险','美国','英语',86,'4D','2018-12-31','i1/TB15ZNGOVXXXXa8apXXXXXXXXXX_.jpg','2','0'),(212311,'幸福马上来','None','冯巩','冯巩,贾玲','喜剧','中国','汉语普通话',0,'2D','2019-12-31','i1/TB1XhfHPXXXXXctapXXXXXXXXXX_.jpg','2','0'),(212522,'碟仙实录','Prequel Of Orijia','程中豪,王凯','李漫荻,齐炫宇,马丁,谢易真','恐怖,惊悚','中国','汉语普通话',90,'3D','2018-12-31','i1/TB1fkQAPXXXXXbmaXXXXXXXXXXX_.jpg','2','0'),(212533,'中国药神','Drug Dealer','文牧野, 杨新鸣','徐峥,宁浩,王传君','剧情','中国','汉语普通话',96,'4D','2019-12-31','i1/TB14kDqdLjM8KJjSZFsXXXdZpXa_.jpg','2','0'),(212803,'食神归来','Return Upon Shef','程中豪,王凯','罗仲谦,林思意,修睿,百克力,林思意','青春,喜剧','中国','汉语普通话',100,'3D','2018-12-31','i2/TB1xp5HPpXXXXbeXXXXXXXXXXXX_.jpg','2','0'),(213077,'老家伙','Old Men','袁和平','暂无','剧情','中国','汉语普通话',0,'3D','2018-12-31','i4/TB1CcclPpXXXXawXFXXXXXXXXXX_.jpg','2','0'),(213133,'九龙不败','Made in Kowloon','陈果','张晋,安德森·席尔瓦,郑嘉颖,刘心悠','犯罪,动作,剧情','中国香港','汉语普通话',100,'3D','2018-12-31','1/TB1_vsyPpXXXXXZXVXXXXXXXXXX_.jpg','2','0'),(213360,'低压槽','Taste of Crime','张家辉','张家辉,何炅','剧情,犯罪','中国大陆','汉语普通话',0,'3D','2018-12-31','i1/TB19VldQXXXXXXJapXXXXXXXXXX_.jpg','2','0'),(213400,'动物世界','Animal World','韩延','李易峰,迈克尔·道格拉斯','剧情,动作,冒险','中国大陆','汉语普通话',0,'4D','2018-12-31','i3/TB1vmfqm_nI8KJjSszgXXc8ApXa_.jpg','2','0'),(213465,'挚爱枭雄','Loving Pablo','费尔南多·莱昂·德·阿拉诺亚','哈维尔·巴登,佩内洛普·克鲁兹','传记,剧情,犯罪','西班牙,保加利亚','英语',123,'2D','2018-04-30','i4/TB1dQT0PFXXXXaFXXXXXXXXXXXX_.jpg','1','0'),(213598,'奇妙物语之重生电梯','None','林小革','曹佑宁,曹佑宁','奇幻','中国大陆','汉语普通话',0,'2D','2018-12-31','i1/TB1Qhhtckfb_uJkHFqDXXXVIVXa_.jpg','2','0'),(213628,'红海行动','Operation Red Sea','林超贤','张译,黄景瑜,海清,杜江,蒋璐霞,尹昉,王强','动作,剧情','中国大陆','汉语普通话',138,'2D','2018-02-16','i3/TB1iiM3n8DH8KJjy1zeXXXjepXa_.jpg','1','0'),(213655,'一出好戏','None','黄渤','黄渤,王迅,于和伟,王宝强','喜剧','中国','汉语普通话',0,'2D','2018-12-31','i3/TB10mZ1PFXXXXaTaXXXXXXXXXXX_.jpg','2','0'),(213665,'狄仁杰之四大天王','Detective Dee The Four Heavenly Kings','徐克','林更新,冯绍峰,赵又廷,刘嘉玲,马思纯','悬疑,古装,动作','中国大陆','汉语普通话',0,'4D','2018-07-27','3/TB1WLxuPVXXXXbzXpXXXXXXXXXX_.jpg','1','0'),(213682,'阴阳师','Onmyoji','佚名','暂无','剧情','中国','汉语普通话',0,'3D','2018-10-31','i1/TB1yJhiPVXXXXXhaXXXXXXXXXXX_.jpg','2','0'),(213683,'画皮前传','None','佚名','陈坤','剧情 奇幻 古装','中国','汉语普通话',0,'3D','2019-06-30','i4/TB1nY8CPVXXXXbBXFXXXXXXXXXX_.jpg','2','0'),(213684,'摸金校尉之九幽将军','Mojin Returns','佚名','暂无','奇幻 冒险','中国','汉语普通话',0,'4D','2019-10-31','i3/TB1oyd0PVXXXXX9XXXXXXXXXXXX_.jpg','2','0'),(213685,'黑色假面','The Mask Of Black Death','佚名','暂无','剧情 悬疑','中国','汉语普通话',0,'2D','2020-10-31','i4/TB1zll3PVXXXXXAXXXXXXXXXXXX_.jpg','2','0'),(213747,'巨齿鲨','Meg','乔·德特杜巴','杰森·斯坦森','动作 惊悚','美国','英语',0,'3D','2018-07-27','i2/TB1ua48PVXXXXXWXFXXXXXXXXXX_.jpg','1','0'),(213825,'海上浮城','None','佚名','邬君梅,杨皓宇,李梦,李淳','剧情','中国','汉语普通话',0,'4D','2018-12-31','i2/TB1b7KNPVXXXXbfaXXXXXXXXXXX_.jpg','2','0'),(213859,'欢乐满人间2','Mary Poppins Returns','罗伯·马歇尔','艾米莉·布朗特,梅丽尔·斯特里普,科林·费尔斯,本·威士肖,林-曼努尔·米兰达','家庭,奇幻,歌舞','美国','英语',90,'2D','2018-12-25','i3/TB1yrt.X2DH8KJjy1XcXXcpdXXa_.jpg','2','0'),(213938,'财迷','Miser','董董','六小龄童,马德华,刘大刚,汪粤','剧情','中国大陆','汉语普通话',108,'2D','2018-12-31','i1/TB1Gi22PVXXXXX.apXXXXXXXXXX_.jpg','2','0'),(213941,'热血合唱团','Find Your Voice','关信辉','刘德华,尹扬明,卢冠廷','剧情','中国香港','粤语',0,'3D','2018-12-31','i2/TB1QL2APVXXXXbwapXXXXXXXXXX_.jpg','2','0'),(214099,'寻秦记','Back Past','佚名','古天乐,林峰','古装','中国香港','汉语普通话',0,'2D','2018-12-31','3/TB15WsBPVXXXXc9apXXXXXXXXXX_.jpg','2','0'),(214157,'影','None','张艺谋','邓超,孙俪,郑恺,王千源','动作,剧情','中国大陆','汉语普通话',0,'2D','2018-12-31','i1/TB1OumFQXXXXXXLapXXXXXXXXXX_.jpg','2','0'),(214159,'叶问4','IP Man 4','叶伟信','甄子丹','动作','中国香港','粤语',0,'4D','2019-12-31','i1/TB1dOaUSVXXXXasXXXXXXXXXXXX_.jpg','2','0'),(214163,'濠江奇侠','None','王晶','暂无','剧情','中国香港','粤语',0,'2D','2018-12-31','i3/TB13.VsQXXXXXbyXpXXXXXXXXXX_.jpg','2','0'),(214164,'风再起时','Theory of Ambitions','翁子光','梁朝伟,郭富城,杜鹃,许冠文,谭耀文,周文健','犯罪,剧情,传记','中国香港','粤语',0,'4D','2018-12-31','i3/TB1nFzHcH_I8KJjy1XaXXbsxpXa_.jpg','2','0'),(214165,'杀出龙门客栈','None','叶伟信','暂无','武侠','中国香港','粤语',0,'4D','2018-12-31','i3/TB1CiQ.PVXXXXXsaXXXXXXXXXXX_.jpg','2','0'),(214166,'铁血战士','None','郑保瑞','暂无','动作','中国香港','粤语',0,'3D','2018-12-31','i4/TB1QKlxQXXXXXasXpXXXXXXXXXX_.jpg','2','0'),(214167,'叶问外传','None','袁和平','暂无','动作','中国 中国香港','汉语普通话',0,'2D','2018-12-31','i2/TB1.LXiQXXXXXc7XFXXXXXXXXXX_.jpg','2','0'),(214259,'猎杀大脚怪','None','佚名','杨紫琼','剧情','中国','汉语普通话',110,'3D','2018-12-31','i1/TB1L4ycQXXXXXXrXXXXXXXXXXXX_.jpg','2','0'),(214406,'摇滚吧！老爸','None','佚名','秦勇','剧情','中国','汉语普通话',0,'2D','2018-12-31','i2/TB10nfwQXXXXXaDXpXXXXXXXXXX_.jpg','2','0'),(214513,'最长一枪','The Longest Shot','徐顺利','王志文,余男,李立群,许亚军','剧情,动作','中国大陆','汉语普通话',0,'2D','2018-12-31','i2/TB1BrPTQXXXXXc_XFXXXXXXXXXX_.jpg','2','0'),(214514,'拓星者','Pathfinder','张小北','宋洋,齐溪,屈菁菁','剧情,科幻','中国大陆','汉语普通话',0,'3D','2018-12-31','i3/TB1qRVSSFXXXXbaaXXXXXXXXXXX_.jpg','2','0'),(214734,'颤慄','FEAR','郝一平','徐巾淇,李万年,傅亨','惊悚,恐怖','中国大陆','汉语普通话',90,'4D','2018-03-16','i3/TB1Y8obXAfb_uJkSndVXXaBkpXa_.jpg','1','0'),(214985,'桃源','My Town','吕聿来','耿乐,齐溪,吕星辰,杨奇鸣','爱情,家庭','中国大陆','汉语普通话',113,'2D','2018-12-31','i2/TB1n7CZj6nD8KJjSspbXXbbEXXa_.jpg','2','0'),(215094,'龙虾刑警','Lobster Cop','李昕芸','王千源,袁姗姗,沈腾,刘桦,周游,周云鹏,张锦程','剧情,喜剧','中国大陆','汉语普通话',0,'3D','2018-12-31','i2/TB1b13FbaLN8KJjSZFKXXb7NVXa_.jpg','2','0'),(215401,'神奇动物在哪里：格林德沃之罪','Fantastic Beasts and Where to Find Them 2','大卫·叶茨','埃迪·雷德梅恩,凯瑟琳·沃特森,约翰尼·德普,艾莉森·苏朵儿,丹·福勒','奇幻','美国','英语',0,'2D','2018-11-30','i1/TB16CXuakfb_uJkHFrdXXX2IVXa_.jpg','2','0'),(215417,'武林怪兽','When Robbers Meet The Monsters','刘伟强','古天乐,周冬雨,陈学冬,郭碧婷,包贝尔','奇幻 武侠 喜剧','中国大陆 中国香港','汉语普通话',0,'2D','2018-12-31','i4/TB1xGx5QFXXXXXFXVXXXXXXXXXX_.jpg','2','0'),(215631,'这位壮士','The Hero','佚名','秦昊,文松,谢楠,冷中易','剧情,喜剧','中国大陆','汉语普通话',0,'4D','2019-12-31','i2/TB1u16oQFXXXXbnaXXXXXXXXXXX_.jpg','2','0'),(215942,'奇幻王国','None','佚名','暂无','纪录片','中国','汉语普通话',0,'2D','2018-12-31','i2/TB1b9.5QFXXXXXYaXXXXXXXXXXX_.jpg','2','0'),(215988,'你是凶手','None','王昱','王千源,宋佳,冯远征,李九霄','剧情','中国大陆','汉语普通话',0,'3D','2018-12-31','i3/TB1q3VqQVXXXXXCXVXXXXXXXXXX_.jpg','2','0'),(216066,'第三度嫌疑人','三度目の殺人','是枝裕和','福山雅治,役所广司,广濑铃,市川实日子','剧情,悬疑,犯罪','日本','日语',124,'3D','2018-12-31','i2/TB1sU42ewfH8KJjy1zcXXcTzpXa_.jpg','2','0'),(216181,'再见怪兽','None','黄健明','暂无','动画','中国大陆','汉语普通话',0,'4D','2018-12-31','i1/TB1lGqcQVXXXXclXVXXXXXXXXXX_.jpg','2','0'),(217214,'浪矢解忧杂货店','Miracles of the Namiya General Store','广木隆一','山田凉介,西田敏行,尾野真千子','剧情','日本','日语',129,'4D','2018-02-02','i3/TB1YbEHn3LD8KJjSszeXXaGRpXa_.jpg','1','0'),(217258,'玲珑井','Linglong Wells','王良','宋睿,王良,余爱笑,罗翔,余爱笑,董海歌,曾漪莲','惊悚,悬疑','中国大陆','汉语普通话',85,'4D','2018-12-31','i1/TB1mTZuQVXXXXXYXpXXXXXXXXXX_.jpg','2','0'),(217405,'魂斗罗','None','佚名','暂无','剧情','中国','汉语普通话',0,'2D','2019-12-31','i2/TB1K0RGRXXXXXXrXXXXXXXXXXXX_.jpg','2','0'),(217406,'未来日记','None','佚名','暂无','剧情','中国','汉语普通话',0,'3D','2019-12-31','i2/TB14mNoRXXXXXbuXpXXXXXXXXXX_.jpg','2','0'),(217407,'至高指令','None','佚名','暂无','剧情','中国','汉语普通话',0,'2D','2019-12-31','i2/TB1JYE7QVXXXXcCXVXXXXXXXXXX_.jpg','2','0'),(217470,'流氓兔','Mashimaro','佚名','暂无','动画','中国','汉语普通话',0,'2D','2018-12-31','i4/TB16ipRRXXXXXbLXXXXXXXXXXXX_.jpg','2','0'),(217759,'暮光·巴黎','Midnight Dreamers','万沥方,董方辰','塞缪尔·默瑟,童菲,玛丽·布奈尔,Eric Bougnon','爱情,魔幻','中国大陆,法国','法语,汉语普通话',91,'4D','2018-02-28','i1/TB116fjRXXXXXXWXVXXXXXXXXXX_.jpg','1','0'),(217761,'地球最后的夜晚','Roadside Picnic','毕赣','汤唯,黄觉,李鸿其,张艾嘉,陈永忠','剧情,悬疑','中国大陆','汉语普通话',0,'3D','2018-12-31','i2/TB1XHc9X9fD8KJjSszhXXbIJFXa_.jpg','2','0'),(217906,'超凡菊一郎','None','赵晔','暂无','喜剧 动画','中国','汉语普通话',0,'3D','2018-12-31','i2/TB1t9R_RXXXXXaCaFXXXXXXXXXX_.jpg','2','0'),(219073,'盲·道','Blind Way','李杨','李杨,杜函梦,于越,胡明','悬疑,犯罪,亲情','中国大陆','汉语普通话',110,'4D','2018-02-02','i3/TB15qJPoznD8KJjSspbXXbbEXXa_.jpg','1','0'),(219212,'最后一间房','The Room','高博','宋伊人,倪虹洁','惊悚,爱情','中国大陆','汉语普通话',96,'4D','2018-12-31','i4/TB1FU7QRXXXXXb3XXXXXXXXXXXX_.jpg','2','0'),(219264,'解码游戏','Reborn','李海龙','韩庚,凤小岳,李媛,山下智久','犯罪,动作,喜剧','中国大陆','汉语普通话',0,'4D','2018-12-31','i2/TB1WNfvRpXXXXasXXXXXXXXXXXX_.jpg','2','0'),(219636,'莫斯科陷落','Притяжение','费多尔·邦达尔丘克','欧列格·米契柯夫,Aleksandr Petrov','剧情,爱情,科幻','俄罗斯','俄语',119,'2D','2018-02-02','i2/TB1UTcgekfb_uJkSnb4XXXCrXXa_.jpg','1','0'),(221306,'大泼猴','The Legends of Monkey King','黄俊文, 黄俊文','林峰,蒋梦婕,吴克羣,赤西仁','爱情 冒险 奇幻','中国','汉语普通话',0,'3D','2018-12-31','i4/TB1zEsORpXXXXXgXXXXXXXXXXXX_.jpg','2','0'),(221377,'秋野春潮','Holiday','陈志海','王良正,陈志海','剧情 家庭','中国大陆','汉语普通话',80,'2D','2018-12-31','i4/TB1wmFGRFXXXXXyaFXXXXXXXXXX_.jpg','2','0'),(221531,'时间牢笼','None','荆丛嘉','王宁,施予斐,董立范,盛子明','奇幻,剧情','中国大陆','汉语普通话',90,'2D','2018-12-31','i3/TB1GEV8RVXXXXcwXVXXXXXXXXXX_.jpg','2','0'),(221581,'加斯顿','Gaston','彼埃尔·弗兰斯科·马丁·拉弗尔','暂无','喜剧','法国','法语',0,'2D','2018-12-31','i3/TB1AqqYm26H8KJjSspmXXb2WXXa_.jpg','2','0'),(221582,'虫林大作战','Drôles de petites bêtes','Arnaud Bouron, 安东·克林斯','暂无','动画','法国','法语',77,'4D','2018-04-30','i2/TB1S050m22H8KJjy1zkXXXr7pXa_.jpg','1','0'),(221729,'武动天地','None','张之亮','池内博之,李淳,欧阳娜娜','剧情','中国','汉语普通话',0,'4D','2018-12-31','i2/TB1zo49RFXXXXciaXXXXXXXXXXX_.jpg','2','0'),(223418,'欢迎来到熊仁镇','Welcome to the Beartown','查慕春','朱亚文,张榕容,王亮,小凡,韩彦博','喜剧,爱情,动作','中国','汉语普通话',90,'4D','2018-12-31','i1/TB1VY2.RFXXXXXtaXXXXXXXXXXX_.jpg','2','0'),(223515,'忌日快乐','Happy Death Day','克里斯托弗·B·兰敦','杰西卡·罗德,伊瑟尔·布罗萨德','恐怖,悬疑,惊悚','美国','英语',96,'3D','2018-02-02','i2/TB1X7oheaLN8KJjSZFmXXcQ6XXa_.jpg','1','0'),(223555,'战神纪','Genghis Khan','哈斯朝鲁','陈伟霆,林允,胡军','传奇,冒险','中国大陆','汉语普通话',0,'3D','2018-12-31','2/TB1yt4CRVXXXXcAXXXXXXXXXXXX_.jpg','2','0'),(223579,'单恋大作战','None','沈沁源','刘美含,孔垂楠','喜剧,爱情','中国大陆','汉语普通话',0,'2D','2018-12-31','i3/TB1qwFBRVXXXXbGXVXXXXXXXXXX_.jpg','2','0'),(223649,'时间之外','None','刘晓世','暂无','科幻,剧情','中国大陆','汉语普通话',0,'2D','2018-12-31','i2/TB1CDJIRVXXXXXxaXXXXXXXXXXX_.jpg','2','0'),(223992,'离散的范畴','None','佚名','暂无','剧情','中国大陆','汉语普通话',0,'4D','2018-12-31','i3/TB1pF3lRVXXXXbOXXXXXXXXXXXX_.jpg','2','0'),(224319,'泡芙小姐','Miss Puff','张歆艺','张歆艺,王栎鑫,谭维维,陈哲远,于莎莎,孙骁骁,曾一竣','爱情','中国大陆','汉语普通话',96,'2D','2018-02-09','i3/TB1Q_uckv6H8KJjSspmXXb2WXXa_.jpg','1','0'),(224416,'玛丽与魔女之花','メアリと魔女の花','米林宏昌','杉咲花,神木隆之介,天海佑希','动画,剧情,奇幻','日本','日语',102,'4D','2018-12-31','3/TB1qD0rSXXXXXalapXXXXXXXXXX_.jpg','2','0'),(224729,'天狼','Sirius','施佳欣','暂无','喜剧,动作,动画,冒险','中国大陆','汉语普通话',95,'4D','2018-12-31','i4/TB1IxBoXuMxLeJjSspoXXaN.VXa_.jpg','2','0'),(224744,'灵魂当铺之时间典当','Soul Pawn Shop','刘赫尧','姚奕辰,乔乔,蒋方婷,曹卫宇,赵曼竹,姚奕辰','悬疑,爱情,科幻','中国大陆','汉语普通话',86,'2D','2018-12-31','i1/TB1bJn_SXXXXXbjXFXXXXXXXXXX_.jpg','2','0'),(224761,'钢铁镇：龙族之战','None','陆川','暂无','奇幻,动作　,科幻,冒险','中国大陆','英语,汉语普通话',0,'2D','2019-12-31','i3/TB1vm7qSXXXXXcCXXXXXXXXXXXX_.jpg','2','0'),(224880,'靠谱兄弟','None','奚岳隆','萧敬腾','剧情,音乐','中国台湾','汉语普通话',0,'2D','2018-12-31','i3/TB1R23PSXXXXXamXpXXXXXXXXXX_.jpg','2','0'),(224923,'柏林童话','None','夏咏','郑元畅,隋棠','爱情,剧情','中国大陆','汉语普通话',0,'3D','2018-12-31','i3/TB1h4kMSXXXXXa8XVXXXXXXXXXX_.jpg','2','0'),(224933,'暴裂无声','Wrath of Silence','忻钰坤','姜武,宋洋','悬疑,犯罪,动作','中国大陆','汉语普通话',119,'3D','2018-12-31','i2/TB1Wk03bf6H8KJjSspmXXb2WXXa_.jpg','2','0'),(225226,'搞怪奇妙夜','Two Stupid Men','雷金克','郑中基,程波,范逸臣,九孔,白炜玲,白纬芬','剧情,喜剧','中国大陆','汉语普通话',96,'3D','2018-12-31','i4/TB1.HR4SpXXXXaqaXXXXXXXXXXX_.jpg','2','0'),(225271,'神谕通天','The secret board','李军','敖犬,蔡诗芸,陈嘉桓','喜剧,悬疑,古装','中国大陆','汉语普通话',0,'4D','2018-12-31','i4/TB1btZEbHsTMeJjSszgXXacpFXa_.jpg','2','0'),(225641,'黑暗迷宫','endless loop','温河','聂远,葛天,杜奕衡,初俊辰,栾元晖,余薇薇','悬疑,科幻','中国大陆','汉语普通话',0,'3D','2018-12-31','i3/TB1c5PUSpXXXXcQXVXXXXXXXXXX_.jpg','2','0'),(225649,'疯狂的外星人','Crazy Alien','宁浩','黄渤,沈腾','科幻,喜剧','中国大陆','汉语普通话',0,'4D','2019-02-05','i1/TB1rbIaSpXXXXXzXFXXXXXXXXXX_.jpg','2','0'),(225718,'遇见你真好','Nice to Meet You','顾长卫','白客,蓝盈莹,张海宇,周楚濋','剧情,喜剧,爱情','中国大陆','汉语普通话',0,'4D','2018-02-16','i2/TB1zE0DkQfb_uJjSsrbXXb6bVXa_.jpg','1','0'),(225722,'大护法2','None','不思凡','暂无','动画,奇幻','中国大陆','汉语普通话',0,'2D','2018-12-31','i1/TB1ORMtaMoQMeJjy0FoXXcShVXa_.jpg','2','0'),(226358,'唐人街探案2','Detective Chinatown 2','陈思诚','王宝强,刘昊然,肖央','喜剧,动作,剧情','中国大陆','汉语普通话',120,'3D','2018-02-16','i1/TB1nSqYn22H8KJjy1zkXXXr7pXa_.jpg','1','0'),(226415,'慌枪走板','None','饶晓志','陈建斌,任素汐','喜剧,剧情','中国大陆','汉语普通话',0,'2D','2018-12-31','i1/TB1URkHSFXXXXcfXFXXXXXXXXXX_.jpg','2','0'),(226512,'金钱世界','All the Money in the World','雷德利·斯科特','米歇尔·威廉姆斯,克里斯托弗·普卢默,马克·沃尔伯格,查理·普拉默','剧情,悬疑,惊悚,犯罪','美国','英语',0,'4D','2018-03-02','i2/TB1EYizeRLN8KJjSZFpXXbZaVXa_.jpg','1','0'),(226585,'美食大冒险','Kungfood','孙海鹏','暂无','动作,动画,冒险','中国大陆','汉语普通话',90,'2D','2018-07-31','i4/TB1x7qqnjihSKJjy0FiXXcuiFXa_.jpg','1','0'),(226632,'深海越狱','Black Water','帕夏·帕特里基','尚格·云顿,杜夫·龙格尔,杰思敏·沃兹','动作,冒险','加拿大','英语',90,'4D','2018-03-31','i4/TB1t6OvSVXXXXXsXXXXXXXXXXXX_.jpg','1','0'),(226655,'查理九世','None','王竞','暂无','剧情,奇幻','中国大陆','汉语普通话',0,'2D','2018-12-31','i4/TB1wm1gSVXXXXcyXFXXXXXXXXXX_.jpg','2','0'),(226656,'你往哪里跑','You\'d Better Run','刘镇伟','王迅,张瑶','动作,喜剧,爱情','中国大陆','汉语普通话',86,'4D','2018-12-31','i1/TB18wuzbbPx2eJjSZFBXXbmZVXa_.jpg','2','0'),(226709,'江湖儿女','Ash Is Purest White','贾樟柯','廖凡,赵涛,徐峥,冯小刚','剧情','中国大陆','汉语普通话',0,'4D','2019-12-31','i3/TB1ruJfgMvD8KJjy0FlXXagBFXa_.jpg','2','0'),(226711,'功夫联盟','Gong Fu Lian Meng','刘镇伟','赵文卓,安志杰,陈国坤','剧情','中国','汉语普通话',0,'3D','2018-02-28','i4/TB1uBS8bTnI8KJjSszbXXb4KFXa_.jpg','1','0'),(226843,'一千零一夜之拯救黄金城','One Thousands One Nights-Save the Golden City','李克','暂无','动画,动作,冒险','中国大陆','汉语普通话,英语',86,'4D','2018-12-31','i1/TB1a91kab_EK1JjSZFBXXa0HVXa_.jpg','2','0'),(226854,'反贪风暴3','None','林德禄','古天乐,张智霖,郑嘉颖,邓丽欣','剧情,犯罪','中国香港','粤语',0,'2D','2019-12-31','i4/TB1no_GXMvGK1JjSspiXXc96FXa_.jpg','2','0'),(226988,'飞狼侦察连之兵王传奇','None','喻瀚湫','赫子铭,姜艺声,杨紫彤','动作','中国大陆','汉语普通话',0,'4D','2018-12-31','i4/TB1hxpMXwoQMeJjy0FoXXcShVXa_.jpg','2','0'),(227190,'智齿','None','郑保瑞','林家栋,小田切让,李淳,刘雅瑟','剧情','中国大陆,中国香港','粤语',0,'4D','2018-12-31','','2','0'),(227264,'西小河的夏天','End of Summer','周全','张颂文,谭卓,顾宝明,董晴,荣梓杉','剧情,家庭','中国大陆','汉语普通话',105,'3D','2018-12-31','i4/TB1xCwdaSRRMKJjy0FlXXXFepXa_.jpg','2','0'),(227569,'三块广告牌','Three Billboards Outside Ebbing, Missouri','马丁·麦克唐纳','弗兰西斯·麦克多蒙德,伍迪·哈里森,山姆·洛克威尔,艾比·考尼什,卢卡斯·赫奇斯','喜剧,犯罪,剧情','美国,英国','英语',115,'3D','2018-03-02','i3/TB1EMxvoBDH8KJjSspnXXbNAVXa_.jpg','1','0'),(227592,'超时空同居','','苏伦','佟丽娅,雷佳音','喜剧,奇幻','中国大陆','汉语普通话',0,'4D','2018-12-31','i1/TB11JMvcEgQMeJjy0FeXXXOEVXa_.jpg','2','0'),(227676,'血拳','None','卢哲颢','关智斌,李茂','动作,剧情','中国大陆','汉语普通话',0,'2D','2018-12-31','i2/TB17moCaGmWQ1JjSZPhXXXCJFXa_.jpg','2','0'),(227761,'上海堡垒','Once upon a time in Shanghai','滕华涛','鹿晗,舒淇,高以翔,石凉','科幻,战争,爱情','中国大陆','汉语普通话',0,'4D','2019-12-31','i2/TB1iYmZf93PL1JjSZFtXXclRVXa_.jpg','2','0'),(227880,'丛林大乱斗','The Jungle Bunch','David Alaux','暂无','动画,冒险','法国','法语',97,'3D','2018-12-31','i1/TB1wzyTkZnI8KJjSspeXXcwIpXa_.jpg','2','0'),(228011,'谜踪','None','吕乐','姚晨,马伊琍,袁文康,吴昊宸','悬疑,剧情','中国大陆','汉语普通话',0,'3D','2018-12-31','i4/TB13iy8aK38SeJjSZFPXXc_vFXa_.jpg','2','0'),(228173,'如影随心','None','霍建起','杜鹃,陈晓','剧情,爱情','中国大陆','汉语普通话',0,'4D','2018-12-31','i2/TB14dLFarsTMeJjSszgXXacpFXa_.jpg','2','0'),(228179,'草样年华','Thrive as Grass','孙睿,林子平','王可如,刘冬沁','爱情,青春','中国大陆','汉语普通话',0,'3D','2018-12-31','i2/TB161zJcGigSKJjSsppXXabnpXa_.jpg','2','0'),(228259,'古墓丽影：源起之战','Tomb Raider','罗阿尔·乌索格','艾丽西卡·维坎德,多米尼克·威斯特,沃特·戈金斯,吴彦祖,汉娜·乔恩·卡门','动作,奇幻,冒险','美国','英语',0,'2D','2018-12-31','i3/TB1wWxootfJ8KJjy0FeXXXKEXXa_.jpg','2','0'),(228263,'午夜慢车','None','戴思杰','佟大为,郑秀文,王双宝','爱情,幽默','中国大陆','汉语普通话',0,'2D','2018-12-31','i4/TB1GE.AaGmgSKJjSspiXXXyJFXa_.jpg','2','0'),(228381,'余额不足','No Money','卫捷,卫捷','柯伯龙,闫鹿杨,王多多,冯棉,韩笑,左腾云,雪村,刘惠,巴多,董立范,马筱哲','喜剧','中国大陆','汉语普通话',97,'4D','2018-02-02','i3/TB1k3yzdjgy_uJjSZLeXXaPlFXa_.jpg','1','0'),(228383,'恋爱回旋','ミックス','石川淳一','新垣结衣,苍井优,瑛太,广末凉子,远藤宪一','运动','日本','日语',0,'2D','2018-12-31','i1/TB1vDJqomfD8KJjSszhXXbIJFXa_.jpg','2','0'),(228508,'比得兔','Peter Rabbit','威尔·古勒','玛歌特·罗比,黛茜·雷德利,多姆纳尔·格里森,萝丝·拜恩,伊丽莎白·德比齐,詹姆斯·柯登','喜剧,动画,冒险','美国,英国,澳大利亚','英语',0,'2D','2018-03-02','i1/TB1BsEqekfb_uJkHFJHXXb4vFXa_.jpg','1','0'),(228536,'新乌龙院','None','朱延平','吴孟达,曾志伟,宋小宝,郝劭文','剧情,喜剧','中国大陆','汉语普通话',90,'3D','2018-12-31','i3/TB17E9TaEgQMeJjy0FiXXXhqXXa_.jpg','2','0'),(228594,'幕后玩家','None','任鹏远','徐峥','剧情','中国大陆','汉语普通话',0,'3D','2018-05-31','i2/TB1t3fJaxuaVKJjSZFjXXcjmpXa_.jpg','1','0'),(228606,'红楼梦','The Story of the Stone','胡玫','暂无','剧情,爱情','中国大陆','汉语普通话',0,'3D','2018-12-31','i1/TB1ZfUCbvNNTKJjSspcXXb4KVXa_.jpg','2','0'),(228696,'真·三国无双','None','周显扬','王凯,刘嘉玲,古天乐,吕良伟','动作,战争,奇幻,武侠','中国大陆','汉语普通话',0,'3D','2018-12-31','i3/TB13IYRgHsTMeJjy1zbXXchlVXa_.jpg','2','0'),(228715,'环太平洋：雷霆再起','Pacific Rim: Uprising','斯蒂文·S·迪奈特','约翰·波耶加,斯科特·伊斯特伍德,景甜','动作,科幻','美国','英语',0,'2D','2018-03-31','i4/TB1M91XoCfD8KJjSszhXXbIJFXa_.jpg','1','0'),(228764,'刺客2','Game of Assassins','苗述','陈国良,魏小欢,谭赫','战争,古装','中国大陆','汉语普通话',87,'2D','2018-12-31','i4/TB1nUNQhgoQMeJjy1XaXXcSsFXa_.jpg','2','0'),(228830,'梭哈人生','The Drifting Red Balloon','郑来志','谭佑铭,施予斐,赵韩樱子,孟智超,李林轩','剧情,爱情,喜剧','中国大陆','汉语普通话',90,'4D','2018-01-30','i1/TB19_XCoLDH8KJjy1XcXXcpdXXa_.jpg','1','0'),(228887,'产科男生','','梁立新','罗翔,苏小妹','剧情,爱情','中国大陆','汉语普通话',0,'3D','2018-12-31','i2/TB179fvhMoQMeJjy1XaXXcSsFXa_.jpg','2','0'),(228934,'妈妈咪鸭','Duck Duck Goose','赵锐,克里斯托弗·詹金斯','赵路,武皓栋,殷筱瑜,李蝉妃,童自荣','冒险,家庭,喜剧,动画','中国大陆,美国','英语',90,'3D','2018-03-09','i1/TB1QySMeKLM8KJjSZFqXXa7.FXa_.jpg','1','0'),(229554,'生死语者·秦明','None','李海蜀,黄彦威','严屹宽,代斯,耿乐','悬疑','中国大陆','汉语普通话',0,'4D','2018-12-31','i3/TB17I5vh2BNTKJjy1zdXXaScpXa_.jpg','2','0'),(229691,'明天有多远','None','王劲松','池华琼,王宇,何军,李凤鸣','都市,剧情','中国大陆','汉语普通话',90,'2D','2018-12-31','i3/TB1hOKratHO8KJjSZFtXXchfXXa_.jpg','2','0'),(229911,'沉默的证人','None','雷尼·哈林','张家辉,杨紫,任贤齐','动作,犯罪','中国大陆','汉语普通话',100,'4D','2018-12-31','i4/TB1itwMllDH8KJjy1zeXXXjepXa_.jpg','2','0'),(230085,'奇幻民宿','None','火火','李聪,李静仪,沙溢,胡可,杨谨华,林雪,杨梓鑫,陈慕,Veegee,陈汉娜','奇幻,爱情,喜剧','中国大陆','汉语普通话',100,'4D','2018-12-31','i3/TB1KtIqbd685uJjSZFsXXX8qVXa_.jpg','2','0'),(230291,'黄金兄弟','Golden Job','钱嘉乐','郑伊健,陈小春,谢天华,钱嘉乐','剧情,动作,犯罪','中国大陆','粤语,汉语普通话',0,'4D','2019-12-31','i4/TB1NheBX_TI8KJjSsphXXcFppXa_.jpg','2','0'),(230419,'哪吒之魔童降世','None','饺子','暂无','动画','中国大陆','汉语普通话',0,'4D','2019-12-31','i2/TB11puzah6I8KJjy0FgXXXXzVXa_.jpg','2','0'),(230451,'姜子牙','None','程腾,李炜','暂无','动画','中国大陆','汉语普通话',0,'4D','2019-12-31','i2/TB1K_1hXNk98KJjSZFoXXXS6pXa_.jpg','2','0'),(230455,'凤凰','Phoenix','毛启超','暂无','剧情,动画','中国大陆','汉语普通话',0,'4D','2019-12-31','i1/TB1RDS0XLfM8KJjSZPfXXbklXXa_.jpg','2','0'),(230465,'决战边境','None','吴吞','暂无','动作,犯罪','中国大陆','汉语普通话',0,'4D','2018-12-31','i1/TB1azbyagnD8KJjy1XdXXaZsVXa_.jpg','2','0'),(230488,'夺命来电','Cell','托德·威廉姆斯','塞缪尔·杰克逊,约翰·库萨克,伊莎贝拉·弗尔曼','科幻,惊悚,悬疑','美国','英语,汉语普通话',95,'2D','2018-12-31','i4/TB1S741X0nJ8KJjSszdXXaxuFXa_.jpg','2','0'),(230698,'熊出没·变形记','BOONIE BEARS : THE BIG SHRINK','丁亮, 林汇达','张伟,张秉君,谭笑','喜剧,动画,冒险','中国大陆','汉语普通话',90,'4D','2018-02-16','i2/TB1x9vPdkfb_uJkHFqDXXXVIVXa_.jpg','1','0'),(230739,'最后的魁拔','None','王川','暂无','动作,动画,奇幻,冒险','中国大陆','汉语普通话',0,'4D','2018-12-31','i2/TB1QfuTcL2H8KJjy0FcXXaDlFXa_.jpg','2','0'),(230746,'时代狂人','None','孙周','艾伦,王智,鲁诺,金士杰,任达华','剧情,喜剧','中国大陆','汉语普通话',0,'2D','2018-12-31','','2','0'),(230855,'祖宗十九代','The Face Of My Gene','郭德纲','岳云鹏,吴京,吴秀波,井柏然,林志玲','喜剧,奇幻','中国大陆','汉语普通话',95,'3D','2018-02-16','i2/TB1VqzWijnD8KJjSspbXXbbEXXa_.jpg','1','0'),(230878,'黑脸大包公之西夏风云','Justice Bao detect XiXia','李长炎','倪其涵,骆材璐,曾杰,王昊阳','动作,动画','中国大陆','汉语普通话',86,'3D','2018-05-01','i4/TB17OEyadHO8KJjSZFtXXchfXXa_.jpg','1','0'),(230931,'时空偷渡少女','The Girl From Future','吴琴','王安琪,王晨','爱情,奇幻,校园','中国大陆','汉语普通话',92,'2D','2018-02-01','i2/TB16eX7eAfb_uJkSmLyXXcxoXXa_.jpg','1','0'),(231353,'小萝莉的猴神大叔','Bajrangi Bhaijaan','卡比尔·汗','萨尔曼·汗,卡琳娜·卡普尔,哈莎莉·马洛特拉,Rajesh Sharma','剧情','印度','印地语,乌尔都语',140,'3D','2018-03-02','i1/TB1tmE7nlDH8KJjy1zeXXXjepXa_.jpg','1','0'),(231661,'又见红叶','None','章家瑞','宋宁峰,姚笛','剧情','中国大陆','汉语普通话',0,'2D','2018-12-31','i1/TB1suLwdZrI8KJjy0FhXXbfnpXa_.jpg','2','0'),(231753,'日常幻想指南','None','梁栋','暂无','奇幻,喜剧','中国大陆','汉语普通话',0,'2D','2018-07-31','','1','0'),(231807,'草戒指','Grass Ring','洪亦平','黄海冰,洪亦平,马靓','剧情,爱情','中国大陆','汉语普通话',0,'3D','2018-03-31','i3/TB1_.ZWelTH8KJjy0FiXXcRsXXa_.jpg','1','0'),(231898,'莫名我就喜欢你','Don\'t Know Why I Like You','冯桂莲','谢天成,曲海峰,陈皓,尹广誉,杨文宇','剧情,家庭,传记','中国大陆','汉语普通话',93,'3D','2018-02-02','i4/TB1dX4qm8TH8KJjy0FiXXcRsXXa_.jpg','1','0'),(231934,'进击的男孩','Better Man','许添','李艾,庞瀚辰,包文婧,李林,马睿,蒋诗萌,黄晋琨,许添','喜剧,爱情','中国大陆','汉语普通话',90,'2D','2018-12-31','i1/TB1z2Ltc2jM8KJjSZFsXXXdZpXa_.jpg','2','0'),(232015,'十七后 与青春化敌为友','終極舞班','罗颂其','储晓祥,翁滋蔓,邦邦,高艺','校园,青春','中国大陆','汉语普通话',91,'4D','2018-02-28','i1/TB141_ZeMnH8KJjSspcXXb3QFXa_.jpg','1','0'),(232086,'重返西园码头','None','李霄峰','暂无','悬疑,剧情','中国大陆','汉语普通话',0,'2D','2019-12-31','i2/TB1ZD.lfcbI8KJjy1zdXXbe1VXa_.jpg','2','0'),(232303,'我是你妈','None','张骁','闫妮,邹元清,吴若甫,吴樾,曾江,吴大维,耿乐,曹思达,李政阳,张恒,廖学秋,那威','喜剧','中国大陆','汉语普通话',0,'2D','2018-05-11','i2/TB1aO6KklHH8KJjy0FbXXcqlpXa_.jpg','1','0'),(232679,'凌晨两点半','At Two Thirty','王静儿','陈美行,周庚禹,王子航,李哲羽,张敬阳,朱德丽,陈泽帆,胡大中','悬疑,推理,惊悚','中国大陆','汉语普通话',90,'2D','2018-04-04','i4/TB1EY0zf3LD8KJjSszeXXaGRpXa_.jpg','1','0'),(232736,'阳台上','None','张猛','周冬雨','剧情','中国大陆','汉语普通话',0,'2D','2018-12-31','i1/TB1bZ5jf3LD8KJjSszeXXaGRpXa_.jpg','2','0'),(232759,'发财日记','None','佚名','暂无','剧情','中国大陆','汉语普通话',0,'2D','2018-12-31','i1/TB11C2qfZrI8KJjy0FhXXbfnpXa_.jpg','2','0'),(232771,'放羊的星星','My Lucky Star','沈怡','暂无','剧情,爱情','中国大陆','汉语普通话',0,'3D','2018-12-31','i2/TB1ccD6f8DH8KJjSspnXXbNAVXa_.jpg','2','0'),(232800,'政和书记','The Secretary of Zhenghe County','佚名','暂无','剧情,传记','中国大陆','汉语普通话',116,'4D','2018-07-31','i2/TB1Vs3Mf8HH8KJjy0FbXXcqlpXa_.jpg','2','0'),(232901,'送我上青云','None','滕丛丛','姚晨,李九霄,吴玉芳,杨新鸣,袁弘,梁冠华','剧情','中国大陆','汉语普通话',0,'3D','2019-12-31','i1/TB1DYGQdXYM8KJjSZFuXXcf7FXa_.jpg','2','0'),(232919,'大坏狐狸的故事','Le Grand Méchant Renard et autres contes','本杰明·雷内','Guillaume Darnault,Guillaume Bouchède,Boris Rehlinger,Céline Ronte','动画,家庭','法国','法语',79,'2D','2018-12-31','i3/TB1UjM6gwDD8KJjy0FdXXcjvXXa_.jpg','2','0'),(232967,'疯狂大变身','Волки и овцы. Бееезумное превращение','马克西姆·沃尔科夫,邢海顺','李靖,吉吉','喜剧,动画,奇幻,冒险','俄罗斯','俄语',93,'4D','2018-12-31','i2/TB1fji0gMLD8KJjSszeXXaGRpXa_.jpg','2','0'),(232980,'北海食神','The God Of Chef In Beihai','金文俊','李欣燃,高翔,陈玺旭','剧情,喜剧,动作,爱情','中国大陆','汉语普通话',0,'4D','2018-12-31','i3/TB17E68gHYI8KJjy0FaXXbAiVXa_.jpg','2','0'),(233021,'西伯利亚风云','None','金子修介','梁家辉,佘诗曼','剧情','中国大陆','汉语普通话',0,'4D','2018-12-31','i1/TB1wtEXcPgy_uJjSZSyXXbqvVXa_.jpg','2','0'),(233029,'天坑鹰猎','None','隋小东','暂无','悬疑','中国大陆','汉语普通话',0,'3D','2019-12-31','i1/TB1_1hQg46I8KJjSszfXXaZVXXa_.jpg','2','0'),(233130,'星游记之冲出地球','None','佚名','暂无','动画','中国大陆','汉语普通话',0,'4D','2020-12-31','i1/TB1jwZKg8fH8KJjy1XbXXbLdXXa_.jpg','2','0'),(233131,'星游记之风暴法米拉II','None','佚名','暂无','动画','中国大陆','汉语普通话',0,'3D','2020-12-31','i4/TB1CaVkhcnI8KJjSsziXXb8QpXa_.jpg','2','0'),(233309,'希望岛','Iron Sky: The Ark','寂寞·沃伦索拉','段奕宏,安迪·加西亚,凤小岳','冒险,科幻','中国大陆','汉语普通话,英语',0,'2D','2019-12-31','i4/TB1iQ2vhJzJ8KJjSspkXXbF7VXa_.jpg','2','0'),(233381,'西北风云','Justice in Northwest','黄璜','余男,任达华,彭敬慈,高捷','剧情,犯罪','中国大陆','汉语普通话',96,'4D','2018-03-31','i1/TB1uJ__jvDH8KJjy1XcXXcpdXXa_.jpg','1','0'),(233483,'淡蓝琥珀','Blue Amber','周劼','王真儿,吕聿来,耿乐,张瑶','悬疑,文艺','中国大陆','汉语普通话',0,'3D','2018-12-31','i1/TB115tffOqAXuNjy1XdXXaYcVXa_.jpg','2','0'),(233531,'玩命旅行指南','None','刘仪伟','张嘉译,闫妮','剧情','中国大陆','汉语普通话',0,'4D','2018-12-31','i3/TB1DzZLh8fH8KJjy1XbXXbLdXXa_.jpg','2','0'),(233540,'金龟子','The Ladybug','丁实','刘纯燕,张磊,杨晨','动画,冒险,家庭','中国大陆','汉语普通话',77,'4D','2018-02-02','i1/TB1efh0lwLD8KJjSszeXXaGRpXa_.jpg','1','0'),(233541,'末路变奏曲','None','周诗宇','方力申,姜瑞佳','剧情','中国大陆','汉语普通话',0,'3D','2018-12-31','i1/TB1YmhJc2jM8KJjSZFsXXXdZpXa_.jpg','2','0'),(233597,'她杀','None','曹保平','黄轩,范冰冰','剧情','中国大陆','汉语普通话',0,'4D','2019-12-31','i3/TB1FjoQim_I8KJjy0FoXXaFnVXa_.jpg','2','0'),(233639,'神奇动物在高原','None','Karen Bass','暂无','记录片','中国大陆,英国','汉语普通话',0,'3D','2018-12-31','i4/TB1AhIKicrI8KJjy0FhXXbfnpXa_.jpg','2','0'),(233674,'西虹市首富','None','闫非, 彭大魔','沈腾,宋芸桦,张一鸣,张晨光,常远','喜剧','中国大陆','汉语普通话',0,'3D','2018-07-27','i1/TB1mnzDc_fN8KJjSZFjXXXGvpXa_.jpg','1','0'),(233721,'站住！小偷','None','郑云','郑云,尤勇,梁小龙,李彩桦,王双宝,吴启华','喜剧,励志','中国大陆','汉语普通话',105,'2D','2018-07-31','i3/TB1fr0di2DH8KJjy1XcXXcpdXXa_.jpg','2','0'),(233794,'怪癖英雄','None','王照达','暂无','剧情','中国大陆','汉语普通话',0,'2D','2018-12-31','i1/TB1e.WAcAfb_uJkHFJHXXb4vFXa_.jpg','2','0'),(233800,'心理大师','None','白一骢','暂无','悬疑','中国大陆','汉语普通话',0,'4D','2019-12-31','i2/TB1kpQ.i3vD8KJjy0FlXXagBFXa_.jpg','2','0'),(233819,'乐高DC超级英雄:闪电侠','Lego DC Super Heroes: The Flash','佚名','暂无','动画','美国','英语',0,'4D','2018-12-31','','2','0'),(247655,'舞出我人生6','Step Up 6','袁文忠','黄景行,敖犬,孟美岐,周艺轩,余健波','剧情,爱情,音乐','中国大陆','汉语普通话',0,'3D','2018-07-27','i2/TB1I_Najv6H8KJjy0FjXXaXepXa_.jpg','1','0'),(260191,'初恋的滋味','MARNA','关尔','吴宣仪,周艺轩,朱正廷','剧情,爱情','中国大陆','汉语普通话',97,'2D','2018-07-20','i2/TB1Qi4NjDnI8KJjy0FfXXcdoVXa_.jpg','1','0'),(260193,'今夜在浪漫剧场','今夜、ロマンス劇場で','武内英树','绫濑遥,坂口健太郎,中尾明庆,柄本明','剧情,喜剧,爱情','日本','日语',0,'2D','2018-02-28','i3/TB16HBfjsjI8KJjSsppXXXbyVXa_.jpg','1','0'),(260194,'捉妖学院','The Magic School','田梓呈','王泽宗,慈婉彤,周海媚','剧情,冒险,奇幻','中国大陆','汉语普通话',0,'2D','2018-02-28','i3/TB1_.g8dXTM8KJjSZFlXXaO8FXa_.jpg','1','0'),(273019,'为你写诗','None','吴克群, 李丰博','吴克群,周依然','爱情,喜剧,奇幻','中国大陆','汉语普通话',0,'3D','2018-12-31','i3/TB18FAfdBLN8KJjSZFPXXXoLXXa_.jpg','2','0'),(273037,'后来的我们','None','刘若英','周冬雨,井柏然','爱情','中国大陆','汉语普通话',0,'3D','2018-12-31','i2/TB1wna_j_nI8KJjy0FfXXcdoVXa_.jpg','2','0'),(274481,'道高一丈','The Blizzard','姜凯阳','聂远,谭凯,徐露,于明加,曲高位,张陆','悬疑,犯罪','中国大陆','汉语普通话',96,'2D','2018-12-31','i2/TB13qUSiAfb_uJjSsrbXXb6bVXa_.jpg','2','0'),(282334,'坏爸爸','Bad Daddy','兰城序','邵兵,孙绍龙,赵圆圆','剧情,家庭','中国大陆','汉语普通话',92,'3D','2018-02-02','i4/TB12TCkoxPI8KJjSspfXXcCFXXa_.jpg','1','0'),(282360,'记忆折叠','Lost in Mobius','张博维, 陈鹏翱, 刘安琪','颜卓灵,张赫,曲尼次仁,张墨锡,黄巾龙,李诺诺','惊悚,悬疑','中国大陆','汉语普通话',85,'4D','2018-12-31','','2','0'),(282394,'天际行者','Время первых','德米特里·基谢廖夫','叶甫盖尼·米罗诺夫,康斯坦丁·哈宾斯基','科幻,冒险','俄罗斯','俄语',140,'2D','2018-12-31','i4/TB1SgLfkcbI8KJjy1zdXXbe1VXa_.jpg','2','0'),(282415,'毕业旅行笑翻天','Graduation Journey','高志森','徐娇,邱胜翊,王栎鑫','剧情,喜剧,爱情','中国大陆','汉语普通话',98,'4D','2018-02-01','i3/TB1wRgykmfD8KJjSszhXXbIJFXa_.jpg','1','0'),(282510,'深夜食堂','None','梁家辉','梁家辉,邓超,彭于晏,魏晨','剧情','中国大陆','汉语普通话',0,'4D','2019-12-31','i1/TB1zM5yaMsSMeJjSspdXXXZ4pXa_.jpg','2','0'),(282723,'灵魂的救赎','None','杨真','王迅,黄小蕾,刘一莹,周小镔','剧情','中国大陆','汉语普通话',0,'3D','2018-12-31','i2/TB1dcDRk4PI8KJjSspfXXcCFXXa_.jpg','2','0'),(282868,'小狗奶瓶','None','彭力','奶瓶,康潇诺,魏子涵,高婷婷,陈菲,亓小飞','家庭,儿童','中国大陆','汉语普通话',91,'2D','2018-02-02','i1/TB11tkSoh6I8KJjSszfXXaZVXXa_.jpg','1','0'),(323222,'狗狗的疯狂假期','Ozzy','阿尔伯特·罗德里格斯, Nacho La Casa','Guillermo Romero,丹尼·罗维拉,何塞·莫塔,米歇尔·珍娜','喜剧,动画','西班牙','西班牙语',91,'4D','2018-02-02','i4/TB1.tJ_mBDH8KJjSszcXXbDTFXa_.jpg','1','0'),(342045,'爱在记忆消逝前','The Leisure Seeker','保罗·维尔奇','海伦·米伦,唐纳德·萨瑟兰,克里斯蒂·米切尔,简·默勒尼,Kirsty Mitchell','剧情,爱情,喜剧','意大利,法国','英语',112,'2D','2018-02-23','i1/TB18lREn46I8KJjSszfXXaZVXXa_.jpg','1','0'),(349739,'盗潜黄金城','Renegades','史蒂文·奎里','J·K·西蒙斯,查理·比尤利,沙利文·斯特普尔顿,艾文·布莱纳,西尔维娅·侯克斯','动作,冒险','法国,德国','英语',106,'4D','2018-05-31','i3/TB1vic3d4k98KJjSZFoXXXS6pXa_.jpg','1','0'),(510206,'云水','None','曾赠','秦海璐,余皑磊,田雨,焦刚','剧情','中国大陆','汉语普通话',0,'3D','2018-12-31','i4/TB1PSBTlZnI8KJjSsziXXb8QpXa_.jpg','2','0'),(512203,'八佰','None','管虎','暂无','战争','中国大陆','汉语普通话',0,'2D','2019-07-31','i1/TB1Q9yWaUgQMeJjy0FiXXXhqXXa_.jpg','2','0'),(513258,'刺局','None','李仁港','冯绍峰,胡军,许晴,金晨,王庆祥,修庆','剧情,动作,悬疑','中国大陆','汉语普通话',0,'2D','2018-12-31','i2/TB1qSdXmxrI8KJjy0FpXXb5hVXa_.jpg','2','0'),(515178,'八个女人一台戏','None','关锦鹏','郑秀文,梁咏琪,白百何,赵雅芝,齐溪','剧情','中国香港','粤语',0,'2D','2018-12-31','','2','0'),(523628,'百星贺囍2018','A Beautiful Moment','叶念琛','刘嘉玲,任达华,卫诗雅,王菀之','喜剧,爱情','中国香港','粤语,汉语普通话',109,'3D','2018-02-28','i2/TB1UGmOn8HH8KJjy0FbXXcqlpXa_.jpg','1','0'),(525269,'旁观者','','沈嵘','洪秀儿,李雅男,于非','悬疑','中国大陆','汉语普通话',0,'4D','2018-02-09','i4/TB1gHCjl6nD8KJjSspbXXbbEXXa_.jpg','1','0'),(526923,'未来未来','None','郭敬明','赵薇,黄晓明,佟大为','科幻','中国大陆','汉语普通话',0,'3D','2019-12-31','i4/TB1zoPhaMoSMeJjSspaXXbMOFXa_.jpg','2','0'),(532259,'猫与桃花源','Cats and Peachtopia','王微','李宇峰,杨砚铎,张喆,陈霖生','动画,喜剧,冒险','中国大陆','汉语普通话',105,'4D','2018-04-05','i2/TB1MeEKncbI8KJjy1zdXXbe1VXa_.jpg','1','0'),(535878,'真相漩涡','Spinning Man','西蒙·凯瑟,Simon Kaijser','杰米·肯尼迪,皮尔斯·布鲁斯南,盖·皮尔斯,明妮·德里弗,克拉克·格雷格,奥德娅·拉什','悬疑,犯罪,剧情','美国','英语',0,'3D','2018-03-31','i1/TB1P9Y6eBfM8KJjSZFOXXXr5XXa_.jpg','1','0'),(549703,'蓝色生死恋','Autumn Fairy Tale','王才涛','孟美岐,林辰涵,苗雅宁,赵蕴卓,许凯','爱情','中国大陆','汉语普通话',0,'2D','2018-08-17','','2','0'),(549754,'人怕出名猪怕壮','Fat And Fame','彭建伟','沈伐,岳红,方清平,朱子岩,黄梁宇,沈伐,岳红,朱子岩','喜剧','中国大陆','汉语普通话',97,'4D','2018-02-16','i2/TB11gNxl8DH8KJjSszcXXbDTFXa_.jpg','1','0'),(1106946,'无迹可寻','None','张帆','宋洋,淳于珊珊,连凯,蒋一铭,马岩,李晓红','惊悚,悬疑','中国大陆','汉语普通话',90,'4D','2018-02-09','i2/TB1DlyIm8fH8KJjy1XbXXbLdXXa_.jpg','1','0'),(1248562,'疯狂熊孩子','WILD KIDS','李振','王一鸣,吴军,李屹伦,张博,周显欣,句号','喜剧,儿童','中国大陆','汉语普通话',88,'4D','2018-02-09','i4/TB1tQ0xdQfb_uJkSnhJXXbdDVXa_.jpg','1','0'),(1250542,'神探蒲松龄之兰若仙踪','Knight of Shadows: Walker Between Halfworlds','严嘉','成龙,阮经天,钟楚曦,林柏宏','奇幻,喜剧,古装','中国大陆','汉语普通话',0,'2D','2019-12-31','i2/TB1kdjVnlDH8KJjSszcXXbDTFXa_.jpg','2','0'),(1255297,'肥龙过江','None','王晶','甄子丹','喜剧,动作','中国大陆,中国香港','汉语普通话',0,'4D','2019-12-31','i2/TB10zKMnsLJ8KJjy0FnXXcFDpXa_.jpg','2','0'),(1270961,'忠犬大营救','None','张帆','刘晓晔,纪帅,吴晴,杨舒涵','喜剧,动作','中国大陆','汉语普通话',90,'3D','2018-12-31','i3/TB1m_1GeqLN8KJjSZFmXXcQ6XXa_.jpg','2','0'),(1271373,'在乎你','None','毕国智','俞飞鸿,大泽隆夫,高圣远,木下彩音','剧情','中国大陆','汉语普通话',0,'2D','2018-12-31','i4/TB1G8s6n26H8KJjy0FjXXaXepXa_.jpg','2','0'),(1271396,'想看你微笑','None','佚名','暂无','喜剧,爱情','中国大陆','汉语普通话',0,'3D','2018-12-31','i4/TB1FOaSnfDH8KJjy1XcXXcpdXXa_.jpg','2','0'),(1271442,'家','The Family','刘红梅','何弘宇,李梦珂,田依凡','音乐,爱情','中国大陆','汉语普通话',90,'2D','2018-12-31','i2/TB179kPeGLN8KJjSZFmXXcQ6XXa_.jpg','2','0'),(1271503,'勇者闯魔城','Brave City','杨汉钊','李仰','动画,喜剧,科幻','中国大陆','汉语普通话',80,'2D','2018-03-02','','1','0'),(1271629,'落绕','A Mysterious Tribe in China','侯翀','王艺曈,周杰,张东旭','剧情,爱情','中国大陆','汉语普通话',94,'4D','2018-03-02','i3/TB1GOYJoBDH8KJjSszcXXbDTFXa_.jpg','1','0'),(1271882,'悍城','The City of Chaos','刘殊巧','李光洁,袁文康,姜珮瑶','剧情','中国大陆','汉语普通话',40,'2D','2018-10-31','','2','0'),(1271959,'王者回归','None','佚名','暂无','动画,冒险','中国大陆','汉语普通话',0,'2D','2018-12-31','i1/TB1eKzLmQfb_uJjSsrbXXb6bVXa_.jpg','2','0'),(1272183,'我和“叛徒”老爸','Me and the Traitor, Dad','张亚海','申屠韩茜,张永达,李凤鸣','剧情','中国大陆','汉语普通话',90,'4D','2018-02-03','i1/TB1ks9hosnI8KJjSspeXXcwIpXa_.jpg','1','0');
/*!40000 ALTER TABLE `movies` ENABLE KEYS */;
UNLOCK TABLES;

--
-- Table structure for table `user`
--

DROP TABLE IF EXISTS `user`;
/*!40101 SET @saved_cs_client     = @@character_set_client */;
/*!40101 SET character_set_client = utf8 */;
CREATE TABLE `user` (
  `id` int(11) NOT NULL AUTO_INCREMENT,
  `name` varchar(40) DEFAULT NULL,
  `password` varchar(256) DEFAULT NULL,
  `email` varchar(20) DEFAULT NULL,
  `phone` varchar(20) DEFAULT NULL,
  `token` varchar(256) DEFAULT NULL,
  `isdelete` tinyint(1) DEFAULT NULL,
  `isactive` tinyint(1) DEFAULT NULL,
  `icon` varchar(40) DEFAULT NULL,
  `permissions` int(11) DEFAULT NULL,
  PRIMARY KEY (`id`),
  UNIQUE KEY `email` (`email`),
  UNIQUE KEY `phone` (`phone`)
) ENGINE=InnoDB AUTO_INCREMENT=16 DEFAULT CHARSET=utf8;
/*!40101 SET character_set_client = @saved_cs_client */;

--
-- Dumping data for table `user`
--

LOCK TABLES `user` WRITE;
/*!40000 ALTER TABLE `user` DISABLE KEYS */;
INSERT INTO `user` VALUES (1,'atom','123456','123@qq.com','123','bdc2ca561dbb67e671cbeb8e654888e43752c3a8d8d36402498e8ba9e70abfd3ac3f8b4c8b9daa1e3f4584aeb68c2e2823aad5d48ebcb2d4b906e3bed5e56722',1,0,'head.png',1),(14,'atom','pbkdf2:sha256:50000$sBjG1bbj$84307107d41e6785218f770ba6f1b24335087b57bc51256b786f00a7a397e01e','313770142@qq.com','18924235915','9dc03953089159d895fb5075d3bb772a241982560f53d1f5c68bd39ca322f97fd5c48c8046f6076d47ef54a5a798b6746f281cb5038d766b93e6d036b5f5dfdd',0,1,'14-atom.png',1);
/*!40000 ALTER TABLE `user` ENABLE KEYS */;
UNLOCK TABLES;
/*!40103 SET TIME_ZONE=@OLD_TIME_ZONE */;

/*!40101 SET SQL_MODE=@OLD_SQL_MODE */;
/*!40014 SET FOREIGN_KEY_CHECKS=@OLD_FOREIGN_KEY_CHECKS */;
/*!40014 SET UNIQUE_CHECKS=@OLD_UNIQUE_CHECKS */;
/*!40101 SET CHARACTER_SET_CLIENT=@OLD_CHARACTER_SET_CLIENT */;
/*!40101 SET CHARACTER_SET_RESULTS=@OLD_CHARACTER_SET_RESULTS */;
/*!40101 SET COLLATION_CONNECTION=@OLD_COLLATION_CONNECTION */;
/*!40111 SET SQL_NOTES=@OLD_SQL_NOTES */;

-- Dump completed on 2018-11-22 14:56:33
